4.059112845920272328e+00,-1.421718636353915155e+00,1.216700588864712412e-01,3.333184778424952976e-01,-1.581218361528367866e-01,-8.157741188181336645e-01,2.886548677199470836e-01,7.692424488875041488e-01,2.607505083606181592e-02
3.001794652446641010e-01,1.615013231595860965e+00,-2.378973436098660577e-01,-1.259586959693232977e+00,5.360185133526341739e-01,3.917528186026631443e-01,-1.870938659746711197e-01,3.636787529828524046e-01,8.431620618853220839e-02
1.812939070433496003e+00,6.501754636145127240e-03,-1.111587933442865550e+00,2.841163720075510352e-02,1.697271655327029061e+00,-2.236587212446323192e-01,-7.910239993336730668e-01,4.216811703182273829e-01,9.161292744255290499e-01
-4.200101849462934411e-01,1.215854357935816088e+00,9.042446576438077921e-01,1.919370092394324656e-01,8.108796544127044870e-01,1.757965687011632250e+00,1.233689955789428055e-01,7.615753586352198568e-01,1.000826815279002524e+00
1.187328740633537549e-01,-9.722370194097965657e-01,-2.169078219404753649e-01,7.093393400466286858e-01,4.877585478220704610e-03,-1.328894232588689439e+00,-6.712546727851292916e-01,8.132644544416020027e-01,1.254801433281101941e-01
-2.755026652009569421e+00,-9.894069020354954169e-01,1.157970032257098048e+00,3.575289854008216472e-02,4.507147406796497280e-01,-7.904189037986313338e-01,-6.716117652411033312e-01,1.201239852317969037e+00,-9.766566688306019817e-01
-1.157590025716325854e+00,-4.114826909950875522e-01,2.591082987583898101e-01,-1.967227092263789112e-01,2.391849473523061931e-01,-1.715288879926473387e+00,-3.956823695762288762e-01,-1.341035077776130957e-01,-3.685532877047835165e-01
-2.075779685865531743e+00,5.013557198462561537e-01,4.697959505640905142e-01,-4.282580410272358584e-01,1.444491222940789577e+00,1.007540014546750351e+00,-4.520452021743793236e-01,-1.117947457892924490e+00,-6.227961212071992936e-01
1.625441197984190733e+00,9.234440227698451631e-01,2.093511774136964210e+00,3.302801315343916189e-01,-4.148380668490776468e-01,9.583478107809449975e-01,1.388716375516973356e+00,5.488193479827085941e-01,1.364764876466995736e+00
1.060242947811452341e+00,1.554209002979655363e+00,-3.849308675412361769e-01,4.374982845177672330e-01,-2.337780820941218196e-02,-1.064874012493573163e+00,1.656857806963441870e+00,2.734098907668456313e-01,6.437551000393825218e-01
2.877368915406101291e+00,-1.189823886355928062e+00,1.380647155944010884e-01,-6.303778759103555451e-01,-9.032264695772651564e-02,-1.500947611851955188e-01,1.313450182262106969e-01,5.136602175030212658e-01,1.037480314355566230e-01
1.835136128332525374e+00,-7.382001363304491193e-01,-7.242203010578807110e-02,-2.738268728810687724e-01,-6.657251860481671057e-01,7.332260281836195936e-01,-7.229903240707052925e-01,-1.516453622824318392e+00,3.209621936223500116e-01
3.853258459737914698e+00,-1.624145647305469842e+00,-3.323709595540891848e-01,-4.475440412153015579e-01,1.168331836423896208e-01,-5.371716941030509895e-01,-4.669843992344508976e-01,-7.887993962840884610e-01,1.237102918951862085e+00
-4.307927686179273685e+00,-8.101178058158525763e-02,-7.134567920897210147e-01,-1.058174821278764277e+00,-5.027038871352819127e-01,-2.228699017811940075e-01,-4.074473972597324883e-02,-2.470659385909565575e+00,-2.425272759685129120e+00
2.471508627799587465e+00,-7.003879736252306420e-01,-1.037139056106070267e+00,-4.296570810896126469e-01,-4.616300477754625708e-01,-1.922045980811390442e-01,-3.789659115566651471e-01,-9.604367153154788062e-01,1.120255464788684069e-01
1.380029924549412090e+00,2.320314441566119490e-01,-3.821723396575685446e-03,9.127023238841704134e-02,1.800539449142190218e+00,1.384484728201940407e-01,3.132004253365381352e-01,-7.509894775472509831e-01,2.229862906922924104e+00
5.613477450810400171e+00,-6.164157030747818844e-01,3.198812101961858723e-01,-8.792905235747987269e-02,2.153436247012648241e+00,9.992187957647471475e-01,-2.774147266413813373e-01,1.873111148338923559e+00,2.305150591929554516e+00
1.811874792623332731e+00,-3.325486252618976568e-01,-1.457815060834865672e+00,-2.350102272805945969e+00,-9.531570924028948122e-02,-5.149079345027600674e-01,-2.737136059325867565e-01,1.388035877633089603e-03,-6.499473935000275038e-01
2.419003838971019782e+00,-2.589783209624810234e-01,-7.274603438124541688e-01,-4.222179044418337135e-01,-5.910876487763100373e-01,-6.336534401193565369e-01,-3.763964704635248126e-01,-1.577344712449313624e+00,5.727684549249377755e-01
-2.439797081640870058e+00,-7.778553820876544789e-01,8.698759855807636221e-01,3.606084325920494993e-01,6.253305645435467408e-01,2.693725706175853496e-02,-7.262253317057411062e-01,-2.140372837022022079e+00,4.310735411605404188e-01
1.721235622665392873e+00,-2.856097177069424564e+00,1.002769467231961809e+00,4.427397486352496192e-01,4.055755844656244030e-02,-9.022034269935212958e-01,-6.506878181291769758e-01,-6.004615852123309505e-01,-6.700060918756194361e-01
2.937965657870522218e+00,-1.309286096726158810e+00,-6.889627935283501037e-01,-2.308640259295350550e+00,-9.148574156487779829e-01,-1.021237331720843633e+00,7.022616228156471907e-01,-1.621722346262018666e-01,-1.554403789920365098e+00
2.245831339906972701e+00,-1.648839574264875374e+00,-7.199042067918829391e-01,1.583579650816051121e+00,2.097764023573352732e-01,7.326252938230070066e-01,-2.506650612163864866e-01,-7.905420520152917074e-01,-7.093376298847337003e-01
7.947906435223279775e-01,-1.652004927414702173e+00,-1.708884164953202500e+00,1.350952443467821340e-01,2.730062169654897675e-01,1.086764344756455447e+00,-4.751304839992885887e-01,-9.127508138540605387e-01,-8.915588385114299186e-01
2.249420423951272063e+00,-8.358954338442683429e-01,1.259568513755384422e-01,-3.983675158896341495e-01,-1.410648108248813148e+00,9.923324484526139244e-01,-3.673189275824386701e-01,-9.412158117431446147e-01,-1.127836273668165301e+00
1.154136719020953938e+00,-3.122423992705927048e-02,-1.715151019454750625e-01,-1.719768601417219100e+00,1.016606784938803854e+00,-3.201911893975432077e-01,5.151921945805271186e-01,-1.198284775726057516e+00,4.612766011217945272e-01
4.455063697249639354e-01,1.201014507036446410e+00,1.843528533213734388e-01,1.109246180395201176e+00,8.839553592998761200e-01,4.325080367485886201e-01,-5.497390482884696450e-01,3.580074891165214712e-01,1.899118881985243146e+00
-3.137098251059375009e+00,-4.387932609380236770e-01,-6.574479903798533531e-01,2.672779708010612765e-02,-3.022345915061996346e-01,-1.856014901937488970e+00,-1.217115637435725706e+00,1.131820525059819227e+00,-1.645989405263109218e+00
-1.156739344845739481e+00,1.775951147125232610e-01,-1.018610492821871327e+00,-1.475331172284244201e-02,9.038848093033685638e-01,5.005006177530674227e-01,-9.800173560676146700e-02,3.611551486684355106e-01,-1.225571993985693053e+00
1.431896308694170283e+00,-1.045804555872103636e+00,3.581126640462138633e-02,-1.266087472818291371e-01,3.031324230168272460e-01,4.943246275577141136e-01,-1.584769408343682073e+00,1.244570835104139156e-01,-6.180582631270815641e-01
-3.031151964028422352e-01,-1.475293471856195415e+00,3.128076981430266690e-01,-2.258403037239631761e+00,1.467949856014343357e-01,-4.968662710755806788e-01,-1.818757283755598531e+00,-6.217682220443138119e-01,-2.185701256255951908e+00
-2.971674122103027393e-01,-1.283151212379258332e+00,1.396475580105636105e-01,-8.286357392412363465e-02,1.145486969659000653e+00,-6.322716369056555763e-01,-3.782751446480625557e-02,2.401980062042223529e-01,-1.166827720765617027e+00
-4.196473003602840257e-01,-1.914874914412456164e+00,-9.328582286996822681e-01,-1.604538679249477795e+00,-1.657083983173524455e+00,-2.882186604691209908e+00,-8.351278276169825654e-01,-1.857235944619777923e+00,-1.579870149898229048e+00
-4.291483741629942283e-01,9.308763864601107274e-01,-1.335332095931183183e+00,1.778415519232446451e+00,2.322353836704217078e-01,-1.662167264634010433e+00,1.838786950139523535e+00,5.114323466475444446e-01,-1.048986044375608051e+00
-2.370387310938623759e+00,6.162501793254439031e-01,2.154976973874195956e+00,1.000796742563567765e+00,-9.345044127983609394e-01,1.133617080939638200e+00,2.164563127666535802e+00,-6.603519274694306107e-01,-4.722423149638447226e-01
-2.741959790592451540e+00,-5.688846865634574756e-01,5.524158496199624985e-02,4.704433474317003538e-01,1.561953735509702179e+00,-6.182244690555959155e-01,-3.148965895546301796e-01,-7.317791270443455565e-01,-1.414141300593082962e+00
-1.082702993861302421e+00,1.889370130453726038e+00,1.524304985900698295e+00,1.462430142121094123e+00,6.062991181228197801e-01,3.524288113635399289e-01,6.565175505602549588e-01,7.286789521575319784e-01,2.051101913818675904e+00
3.239360281438547595e+00,-9.885848081691887002e-01,4.499943158044656943e-01,-4.409237842702795063e-01,-4.703974953759643696e-01,6.442886815076926954e-01,-1.153648991429886195e+00,1.106860742409722098e+00,7.461641105633463056e-01
-5.055052834832748587e+00,4.835337192551144025e-01,-1.138011255837761526e+00,1.417404831867850046e-01,-1.334946331709049305e+00,-1.051774378765966578e+00,2.991673874306764458e-01,-3.240147212313671865e+00,-7.023875876469644064e-01
3.157682151668546044e-01,-2.473128836017495225e-01,-1.007159733858435047e+00,9.351857588707437885e-02,7.514541152230270749e-01,1.122281526524012973e-01,-1.379421580215726140e+00,2.001569793072209558e-01,1.443382324874880496e+00
-3.627405812157743270e+00,3.634587603570956782e-01,-3.863044443879616319e-01,-5.747192118066474231e-01,-6.516608253653843885e-01,-6.999627734958050462e-01,3.906519963887994940e-01,-2.144490724146155713e+00,-9.472661209988517683e-01
7.952389859877473377e-02,3.353593778656235314e-01,8.586345356062075052e-01,9.011357238680085535e-01,4.374513517532969686e-01,-6.339108374445018290e-02,6.298218286188463910e-01,-8.568697071194059101e-01,1.168999188847365422e+00
-1.418541746829647288e+00,-8.049404912127802181e-01,-7.682107709850665156e-01,-4.808763953906665112e-01,1.805121131097020826e-01,-6.512598630994488325e-01,-1.024010940363701438e+00,1.529075038460853998e-02,-2.009100695011345916e+00
-5.336395225836404244e+00,2.393848645853864809e+00,2.775195740030913377e-02,2.763215904811145762e+00,2.240884251832213181e+00,1.956276264214055205e+00,-5.208424695503571789e-01,8.120444334175745682e-02,3.597371341941373313e-01
6.452478305939864933e-01,1.760226224895784064e+00,-9.908809364946736808e-01,-1.715518496415226468e-01,1.134380783169008700e+00,8.111592537900080835e-01,-3.318076400162668360e-01,-8.893295710475622451e-02,1.492184417258760387e+00
-6.185523041127162891e+00,1.641432984145259733e+00,9.092239940682748101e-01,2.003749672219047540e+00,-5.317243896213832977e-02,1.767045066429576705e-01,6.363619292821641737e-01,9.560620026746983191e-01,-5.589257931770449384e-01
-2.316957025908699563e+00,1.607149289296162076e+00,1.619363243535525410e+00,2.956609406944190610e-01,2.598353682070186910e-01,8.904736444598031486e-01,8.382782601798846045e-01,1.173600019182171161e+00,1.149726106821774563e+00
-8.136569890474176781e-01,1.284136555348403208e+00,-3.489720749092340424e-01,2.435108487209088679e+00,-1.553982559471209779e-01,-1.238317531255211490e+00,-5.305017008429317726e-02,-4.000747968165238588e-01,1.527243650941420450e+00
-8.478735959285141899e-01,5.273991916993560070e-01,-5.591880747698617649e-01,1.138494165985694639e+00,1.839735130454445811e+00,4.927314773937820358e-01,7.968107889643771813e-01,-3.576907591091567085e-01,6.843129922916699748e-01
-3.782755363179334918e+00,4.373612605579210721e-01,-6.301003971434253614e-01,4.673169329614813572e-01,-9.107780125773706770e-01,6.494811328051922628e-01,1.122476903444858065e+00,-1.137960942356160299e+00,-1.369811637258386616e+00
7.741995325820331120e-01,-9.303762738489307349e-01,-1.004927505402057220e+00,4.438448148634782098e-01,-2.878172664405184156e-01,3.445108293648282277e-02,-3.892698646420302833e-01,-1.072252385859564949e+00,1.155791661083663685e-01
1.278533435974544163e+00,-6.885812918624689694e-01,3.998115226592316995e-01,-8.059914882859022800e-01,9.662758092915224584e-01,9.241865371010377084e-01,9.144789328102347348e-01,1.002722113782472668e+00,-7.602384071213356131e-01
2.437897197562919338e+00,-2.624635311810639138e+00,-1.033857612203156473e-01,-1.179558730912180442e+00,-8.610587110467446958e-01,-1.158293161550694172e+00,2.207635429013592998e-01,-1.029012928219929179e+00,-1.721873439327288757e+00
-1.929558606031797963e+00,7.038850625091802593e-01,9.397854655252837475e-01,-9.836808325900444627e-01,6.705520634724366769e-01,4.008620368567225589e-01,5.286206632408112921e-02,6.497671243124828466e-01,-7.717713230156614257e-01
-3.448845158168250435e+00,9.483617393978829302e-01,3.421171526644470329e-01,1.815676516680446939e+00,1.040293583962185853e+00,2.078295501698883552e+00,-3.111835836335521965e-01,1.251426855466856614e+00,-2.034084965095352970e-01
-6.240753442841255882e+00,7.132757956287825163e-01,4.039704960365218533e-01,2.093114923765533764e+00,3.030073229297436943e-01,-3.969703946951516071e-01,-1.959736468494849282e-01,-9.240470402144294049e-01,-1.107227764318939878e-01
1.852821351568635144e+00,-8.832635878786656569e-01,-8.657500671862157215e-01,-1.202340138981411011e+00,3.289015719878649047e-02,-8.571700287514383287e-01,5.602646190161432171e-01,-4.372142525792224732e-01,-1.542973008125881063e-01
-8.404707022972300878e-01,-2.960169514026514404e-01,1.397614787412404969e+00,9.851047587367363079e-01,-1.463479641143829557e+00,7.082511981901866704e-01,-2.322528362554032166e-01,6.750340200657061196e-01,-2.553783716058921627e-01
2.814079088909487769e+00,-2.062915838865973239e-01,-8.597496191450622050e-01,8.927003941087544581e-01,-2.130641289982017295e+00,-9.813851785005754946e-01,-7.101124802115021950e-01,3.348561353993448897e-01,3.719304845183508124e-01
3.904837417173008696e+00,-5.329742180279064545e-01,-2.862050651324999917e-01,2.523244840857877258e-01,-6.120179245989340044e-01,2.389279964563396641e-01,1.004668581099987357e+00,3.175704041844769343e-02,2.870447940145138821e-01
-2.078460226434295066e+00,2.140293179277616531e+00,1.675467832138035407e+00,1.062867070963505300e+00,8.762865845101958095e-01,1.377237596918651219e+00,1.867623352340002096e+00,2.890773512393320033e+00,-4.755091810961741272e-01
2.032639486459508316e+00,-8.301363849309215670e-01,-1.225813464904922601e+00,-6.491840618436469645e-01,-1.296281204694157974e-01,-1.213075797774227249e+00,1.208662174955236202e+00,-3.040941645890423706e-01,-1.364751848794813149e+00
4.435299178100132522e+00,1.084569175079310499e+00,5.614093874424445074e-01,-5.266850033413803533e-01,1.366324416708446510e+00,8.081908629301409741e-01,-4.069700730534626665e-01,1.809343782496925845e+00,2.542828127827110762e+00
1.582131122362167464e+00,-1.661969795571825337e+00,-1.092496352585725194e+00,-9.173297176590754498e-01,2.184039922129367428e-01,-6.883442522903430172e-01,-4.310458187170433386e-01,-2.804971548263420766e-01,-6.490260385559664114e-01
2.239105502861684360e-01,-4.960866336940197852e-01,-1.706120214070800112e-01,-1.019997722742458146e+00,-7.789126380983811826e-01,1.065993275772018078e+00,-3.033432563845273600e-01,-6.466490081577400684e-01,-1.159569461573573879e+00
2.746640402651613577e+00,-6.206221308084401977e-01,-1.501919706846326363e+00,-2.110693909766348242e-01,-8.842323111655440160e-01,-1.122143558438747357e+00,-6.033027039140246295e-01,-1.578841056871466142e-01,4.727508301241225008e-01
-1.268517093325927991e+00,-1.415138724441269868e+00,-3.858651569313603646e-01,1.189745955154724921e+00,8.063433753483777167e-02,-8.687891726715279983e-01,-1.585463442401014111e+00,-1.304847829528529068e+00,-9.519715212234547419e-01
-4.695875415365953209e+00,1.075030921450448984e+00,1.735465540821084618e+00,7.336496757028720950e-01,1.091623081560978425e+00,1.343398760923019131e+00,3.660916734611324025e-02,-1.650081322361124647e-01,2.866473121806530910e-01
1.404547014391676507e+00,-6.217796554965276945e-01,-3.054094943742345358e-01,1.270581510647857959e+00,5.464240511811577772e-01,-8.496859728439910553e-01,7.074460263213349087e-01,1.320027721404547272e+00,4.879033815493716286e-01
-3.647061082337585525e+00,9.643587455611063453e-01,4.497469898274963906e-01,-1.039831323106055888e-01,3.030320019835348044e-01,-1.860964338628559478e+00,-1.252887575130365416e+00,-1.355947942713328747e+00,5.014393228187934426e-01
2.206864688627113935e+00,-8.330267744238755157e-01,-1.470636844782752917e+00,-1.931910168565153185e+00,2.193791974937420730e-01,-3.029930246526008064e-02,6.821805455494736603e-02,-1.453151668102896865e+00,-8.852484180220048238e-01
9.650835156799617565e-01,5.126533346999982976e-01,1.568770857546560649e+00,1.204239095305965845e+00,8.191215467145128715e-01,2.674402611576762734e+00,2.054390766390461920e+00,6.595703409403813611e-01,1.792675304422440608e+00
3.116369872665686325e-01,-1.165491017760728054e+00,2.446487953922900083e-01,2.403560485368295141e-01,1.267853919364888837e-01,1.203337477299696534e+00,-9.506853152023886366e-01,-1.005861862779058535e+00,-5.513134050528039065e-01
-1.799824100379924019e+00,-2.564157967037704600e-01,3.063704195772677941e-01,2.996543648421426953e-01,-4.667227245350540343e-01,-3.986504402641345424e-01,-1.000223557774461813e+00,1.069580006670788480e-01,-8.259936653253167060e-01
-4.099467029484854530e-01,-5.979696009649612121e-01,-4.798164804584075238e-01,1.577355039871418230e+00,2.987784242113500355e-01,1.843661688477290506e-01,5.139989942839104931e-01,9.185132785836114255e-01,-6.107567824809517765e-01
-1.059942869913678976e-01,8.099729790587113509e-01,-1.198335579930403377e-01,7.456957708193405754e-01,-6.132882189640606052e-01,-6.595441363784736444e-01,3.359417495087637651e-01,2.178489227440391363e-01,6.285977647150986503e-01
-1.856975777497986702e-01,-1.170858338809756677e-01,-4.451833979933599861e-01,-1.970027784846786201e+00,-1.110901773175413387e+00,7.886277435116790802e-01,-7.597179547713375225e-01,-1.776248171725618219e+00,-3.754127731031015741e-02
3.643070354844324399e+00,-1.034847451421626596e+00,8.398516734897091066e-03,-1.215609986182653257e+00,-5.797252412985945957e-01,-7.959500274094065686e-01,-1.005534275949686585e+00,1.949177953810703190e-01,7.264339465958002950e-01
6.622031731824662870e+00,-8.910362164918878003e-01,1.565667620150134054e-01,9.967428597021867898e-01,1.556608111754277601e+00,1.451741056115562811e+00,2.011158217711521257e+00,2.086406701331922964e+00,1.527450120431438796e+00
5.339302736805320304e-01,-7.607067764703471235e-01,5.256786571489583393e-01,4.601999864016533270e-01,2.686932412114905744e-01,8.334139146975861889e-01,1.629067380414237487e+00,-5.524516739062421689e-01,-3.341496278369272543e-01
1.420787338758908724e+00,-6.373697208147026394e-02,1.050958989176486724e-01,-1.641291586048110096e+00,-2.681681077097515242e-01,-4.919425924553464391e-01,-2.204897464629782977e+00,7.513479490952575945e-01,-6.505895218278513747e-02
-9.508699408181749968e-01,-1.337585645933636824e+00,1.673952730333170935e+00,1.046197820637709608e+00,2.059023482535180527e+00,7.686043475842470503e-03,1.676543122845160161e+00,-5.356516818972893029e-02,-2.052744524768061740e-01
6.761666940725019614e-02,-1.188268292594630293e-01,-4.781332628464705636e-01,1.983892763924121061e-01,-1.371994832579521983e-01,-4.822361763217406505e-01,2.755761399656164734e-01,-5.355309506370788952e-01,-7.478376980198803148e-01
2.001973834401368002e+00,-3.547353005423784650e-02,-5.153689813193983449e-01,-8.084825955737009462e-01,1.102832315742391517e-01,1.654870098061193562e-01,7.300931470358105191e-01,8.477985718429319473e-01,-1.132122303023785914e-01
4.195796988647606973e+00,-1.507707354022934099e-01,-1.845879705999740050e+00,-3.093713222781857008e-01,6.465755052353964194e-01,6.290445541756465309e-01,-3.223897905158670113e-02,-1.235571542113129556e-01,4.702875335895427278e-01
5.459743654440332605e+00,-2.461653244563843101e-01,-1.884865325046251039e+00,-8.337958670959821905e-01,1.283927184556572232e-01,8.313324504278271077e-01,-1.030570524058054493e+00,1.158545805697662967e+00,9.766820688867223765e-01
6.894031621798523801e+00,-3.004649791480403231e-01,-3.891180029010276042e-01,-4.404038505238020429e-01,-1.744376143511857880e+00,2.337275112748175010e-01,1.639710253448944943e-01,1.796828177213026512e-02,2.238147248744661866e+00
2.755193801785316143e+00,-3.282199797119329521e-01,8.038877572430150886e-01,1.107977865411628793e+00,-5.191850460136738787e-01,1.992970099374466120e+00,2.373982633038106416e-01,8.940672872340096333e-01,9.285333282536657462e-01
2.098576635647654509e+00,-6.949150699227186756e-01,-6.374345806400510961e-01,-1.640445426718724065e+00,3.241035217699508864e-01,-1.313087335604465888e+00,-9.127901206800185241e-01,3.094973858209365547e-01,-3.989300585059620818e-01
-1.793036907792996848e+00,-6.478109971982629611e-01,1.112305546357141850e+00,1.767532882768986235e+00,1.190763695915684428e+00,-1.031231153481838358e+00,-1.186020900626916369e-01,2.555438811839447211e-01,3.200571481869402685e-02
-2.263127705245517873e+00,8.609545872956352319e-01,-6.699912173373184787e-01,-6.414737961606946648e-01,-2.037651928313088501e+00,-7.214030717597847975e-01,-8.237839827228751188e-01,-1.876653971856119929e+00,-1.286658414156152119e+00
4.107959760835376561e-02,1.657132758189087396e-01,1.046943165332278936e+00,1.939127534245761675e+00,-6.770077665395773936e-01,4.920976312360810234e-01,1.698585706271082074e+00,-3.839756375012355338e-01,8.835042370494267105e-01
6.567036555066231962e+00,-9.743632084102665791e-01,4.959444973433215775e-01,8.316929213552828326e-01,1.227904454629540121e+00,1.663232751728305203e+00,1.758350064530677104e+00,3.767491653522183070e-01,1.500579568242670581e+00
-2.414612877972220240e+00,1.197200743888756413e+00,-3.421936259786566570e-01,2.283224260438751152e+00,5.300160201338224297e-01,-1.011438416093404458e+00,1.409688806765534874e+00,-4.227694166306003032e-01,1.861159821238488776e+00
-6.662338570779150260e+00,1.759299136281316178e+00,2.968327244356759320e-01,-7.140211257602294692e-01,-3.775744702546762754e-01,-3.008750819306006963e-01,-1.577450765442419023e+00,-1.366249469149989348e+00,-4.114281726617511348e-01
1.525721806123542468e+00,5.416579431311450143e-01,-5.210457948606997958e-01,-1.140930951461467252e-01,5.398316024361403676e-01,6.951516195869387182e-01,9.398737131522593158e-01,1.331081766457411941e+00,5.229250588379300568e-01
2.821127475145424501e+00,-6.944198746160963331e-01,1.088243989954582380e+00,-5.662212247943954058e-01,-1.501766031432380244e-01,-9.068719416250675680e-01,-8.598486246466807703e-01,7.912718068536771510e-01,4.317167004158518062e-01
-1.477473036079751667e+00,8.943883372122525266e-01,-5.514722691595600468e-01,-1.415242663549675928e-01,1.656052327114768019e+00,2.562162058579463553e-01,1.275311521985911023e+00,-8.050264416505842346e-01,8.030716360569367662e-01
-3.293953269534318995e+00,1.777685547431417268e+00,1.190765804322882149e+00,6.545562130657205380e-01,1.378116613082723818e+00,-2.777819377372189175e-02,6.446260003180515064e-01,1.823093164806627975e+00,8.524881035445300292e-02
-2.133080129407116665e-01,-7.038867591877491225e-01,-1.871393192013484752e+00,-5.562763386361244677e-01,-3.473182037787793108e-01,-1.659076975472705051e+00,7.375951167199035208e-01,-8.906463620999662822e-01,-1.928118327586658465e+00
-7.301008808100272196e-01,1.121320048703203925e-01,1.392183299530377782e+00,6.324722062135800238e-01,3.218474212297137149e-01,1.272959694302263411e+00,3.456901690187728637e-01,-1.082317993231555198e+00,5.297447197565531285e-01
1.744590190964174115e+00,6.447815110259368376e-01,-1.747765046043801895e+00,2.680602740591468414e-01,-1.018247726753840343e+00,-6.365498556974158451e-02,-4.460463272845078819e-01,7.952424830302230463e-01,1.799661590901989183e-01
2.999413106665124840e+00,-1.265255747382798557e+00,-5.412388359859471310e-01,-1.822355035959017378e-01,2.333138354610185261e-01,1.043271312606262491e+00,-2.924941438206420385e-01,1.314203066016284005e+00,-7.539385090985274429e-01
-4.577355085254892764e+00,1.351910349389735089e+00,-1.656349481429445936e+00,2.025651593347124191e+00,9.539487566231504845e-01,5.921270989766609372e-01,-1.619120986997719003e+00,1.071254603172121733e+00,-1.843106210144151769e+00
1.922096685348872791e+00,3.006521560470743967e-02,-8.868710539552934757e-02,1.043667225737556353e-01,2.053359367363624788e+00,1.004767487716732743e+00,7.765124980939699939e-02,-3.216332164438963359e-02,8.718618807299274298e-01
4.615187817880888055e+00,5.810347717635676590e-01,-2.311626142542984041e-01,-6.181767398226392096e-01,-4.242069416906057988e-01,6.577105182871691991e-01,1.377562935100665520e+00,1.410832687250507478e+00,-1.891700869077847791e-01
-6.342763567193195229e+00,1.126054190384351283e+00,1.773703414137332013e+00,1.803053439336847807e+00,6.204528081777388460e-01,4.929851503077883890e-01,-6.602727321824194417e-01,2.988972366839682815e-01,6.133586146863654331e-01
4.696106624078557168e+00,-1.135592671131964604e+00,-2.943829807238754759e-01,1.097131773923237796e+00,4.797508401243177345e-01,6.089793458858258068e-01,1.207567103773543371e+00,1.476819438849633848e+00,6.011978560295360152e-01
1.809649230854527113e+00,-8.413316554351583099e-01,3.246620198211799257e-01,3.125400624659694371e-01,-8.493592015207087620e-01,4.609652978483428365e-01,-2.393891548987596984e-01,1.386853064116830569e-01,-9.868910436842605050e-01
1.072054296317367150e+00,-1.028495382710447714e+00,-4.612946695218328452e-01,8.818656739082484375e-01,2.981960987335429691e-01,5.828705063213026477e-02,3.789850443130179380e-01,2.846522204491225838e-01,-4.199139255013471517e-01
1.564382627870481546e+00,-1.705134597415114417e+00,-1.455079694312515937e+00,-4.325832756071711360e-01,-1.121990888414658549e+00,-1.173990249997302948e+00,-1.049704475224950029e+00,-1.094729761166558957e+00,-3.173540854027822600e-01
-1.506684976078368710e+00,-1.416057704230966996e+00,-1.969628577708157469e+00,-6.258467582833833198e-01,-3.137400120056641484e+00,-2.131444437606328179e+00,-1.958882570969923798e+00,-2.291958564943389565e+00,-2.197080794853815799e+00
5.417055344468829636e-01,1.482923294783717871e+00,-1.750730666001182323e+00,8.146804689325065629e-01,2.304680189254440403e+00,1.342205474579383662e+00,1.315603208048645278e+00,6.553420976665910169e-01,6.074324336487670895e-01
-1.402033079631571644e+00,1.763459839532003137e+00,-9.640026254038519538e-01,4.164094631862518270e-01,-1.917226356239419005e-01,9.995878875931145657e-01,1.102322072720998580e+00,-1.967498868770050924e-01,-6.619113394743076917e-01
6.124069545592134567e-01,-7.326725281532876499e-01,1.571729939974340740e+00,-1.905598690360419178e+00,1.259761748185090902e+00,-4.698399268802644912e-01,7.430673788486201747e-01,-1.169327329695724504e+00,2.720233531414467110e-01
3.940343617598408787e+00,-8.627839092104370999e-02,-1.006435301304337178e-02,1.790964598657607265e-01,-1.861371000485669835e+00,2.487493624119292701e-01,2.026404662521227515e-02,1.311442411286832810e+00,1.435614205987474579e+00
-6.753214985397628212e+00,2.366278979205453492e+00,1.304286256206792061e+00,1.562190884732753693e+00,1.097334582357200813e-02,-6.036856044349703243e-01,1.690037880681948490e+00,-1.305550130970587253e+00,8.196228364674862377e-01
8.860387338244897215e-01,4.840819550619540612e-01,-1.289504630078428304e+00,-9.251719756113153670e-01,1.336505743908999566e+00,4.321883027227523821e-01,6.929487403920854272e-01,4.947757774006062911e-03,-5.172307967900507952e-01
1.692675843421290294e+00,7.188782067256641595e-01,1.975947117390946639e+00,9.716315403619683044e-01,1.926353287963836550e-02,5.508533504007868953e-02,1.384801176024955449e+00,1.456056117935446093e+00,1.524180031567548443e+00
9.056939417933268510e-02,-1.048655030775357488e+00,-5.392452497962468838e-01,-4.829264154257098193e-03,-1.755789876012282758e+00,-1.522180099249978324e+00,-5.699740317063253237e-01,-1.558067534838710300e+00,1.786105730965162341e-01
-6.905404851672555244e-01,-1.052107508906551248e+00,-1.214346053371348377e+00,-1.057447263232232926e+00,-7.544481932806270663e-01,-1.019458820018231071e+00,-1.529528817684412845e+00,-9.841027417400856070e-01,-8.787529284653333717e-01
4.267508620338762881e+00,-4.076452295677569782e-02,-1.984938974611998974e+00,-1.663400131419688344e-01,1.034433312646183323e+00,-8.652572533996323312e-01,1.430364081995916692e+00,4.497950225562287185e-01,9.192111823182896879e-01
9.258023053323460871e-01,-1.587418068317728359e+00,4.752838256151161733e-01,9.032271819453844275e-01,-4.504134539412634614e-02,-4.362613326072326547e-01,2.902582112508024226e-01,-2.328520679971073370e-01,-5.025756232841139814e-01
1.330223606715086326e+00,-1.427031004061483310e+00,-2.096504910065501104e+00,-2.117636186908400386e+00,-4.934129311631690329e-01,6.062589505709830018e-01,4.144289620023748622e-02,-2.327097509455584134e+00,-1.644104341361217747e+00
-7.415496456123671365e-01,-8.909888362302642584e-01,-5.792671629044460202e-01,1.400693476980523489e+00,2.276906673753724242e+00,1.140544101605888150e+00,-5.849534226600562326e-01,2.490685092962731939e-01,-2.207517300049143816e-01
-1.836974860405558574e-01,4.234820908753754720e-01,-2.069394831025500245e-02,8.721710916723873774e-01,5.844571706872505601e-01,1.150486754185533700e+00,6.643039144123988882e-01,-3.574606351810169502e-01,1.963332212690827583e-01
3.595948452954753183e+00,-2.193606161725546677e+00,-1.262069603518952143e-01,-1.552932472590142554e+00,3.782816607969156225e-02,2.660391290592927782e-01,9.388868127255963758e-01,5.919459201063542730e-01,-1.598105604159809900e-01
1.101404195018186094e+00,-5.197308387242349087e-02,3.949541229004684961e-01,-8.940338432873713437e-01,-1.759859005777537844e+00,3.475859006101596482e-01,-3.645644006688345540e-01,1.892786968354941840e-02,-2.773989600963182034e-01
-1.565063020879584876e-01,4.226486808041816923e-02,2.029406285040493252e+00,-8.450716073531286954e-01,1.047499932031834002e-01,8.399184687690074425e-01,-1.509342651154416681e-01,-3.900151164727694297e-01,7.419031250253278476e-01
3.127774065912453771e+00,-1.108476478261496867e+00,-3.981811122989958318e-01,-8.069450150528213461e-01,-2.953372499285464858e-01,6.991465939126330076e-01,-2.302478494782601859e-01,3.802884310097592868e-01,-5.244397427465338213e-01
6.145707941545721642e-01,-3.582504297587718600e-02,-9.857084769890350762e-01,2.289497932071720421e-01,5.889288480167981232e-02,-2.004860051586561109e+00,-1.165858716072530443e+00,-1.852378334396257153e-01,9.801712649781508802e-01
-2.332377538738098721e+00,-8.482087894064985201e-02,-9.399592675038429546e-01,-6.019570887855305585e-01,-5.350679741105386356e-01,5.541989028810108409e-02,-4.439502821653653064e-01,-3.188985615344954727e+00,3.697127330053136263e-02
-3.378860368503603939e-01,-9.742383613335128256e-01,-9.687321636451191598e-01,3.590914237350988358e-01,2.772546200749141376e-01,-2.723635551775392405e-01,2.808425502780795280e-01,-1.386277622903135665e-01,-1.623203283720485501e+00
-1.360430704790303702e+00,1.242963332629382744e+00,-5.327995934859601768e-01,1.043282193577495631e+00,-1.513263850008777389e+00,-2.909150439297045199e-01,7.363125151957449210e-01,-2.373833673311293024e-02,-9.348487447140804152e-01
-1.888916364707389439e+00,8.545772343025002105e-01,6.541020669011282651e-01,1.479553119854429166e+00,-3.893038909528031000e-01,-5.998082260731785187e-01,1.080643828859367384e+00,-1.102957715545618278e+00,1.754189021460000220e+00
-1.536291752963225621e+00,-1.177068578254460762e+00,-1.451492736411680973e+00,-1.376065687062674625e+00,3.631313881660932497e-01,-1.291191809785442013e+00,-1.373513200110816790e+00,-4.740647546147750413e-01,-1.991791999000139368e+00
-1.970653484388647181e+00,1.092091448998900649e+00,9.842359267749795082e-01,8.213228747921239581e-01,1.767864953549773466e+00,9.602829714336310607e-01,1.709102697588202324e-01,1.243935733443066072e+00,1.490502703081551805e-02
-2.063512239487715227e+00,1.538689897214482460e+00,-5.838483749210023888e-01,-8.748291052248188260e-01,3.779012057214191644e-01,-8.082855645969337643e-02,3.933143305165557324e-01,-2.558743783106107172e-01,3.828755308812330505e-01
1.331692594895320436e+00,-4.654789411272178268e-01,1.955098600620591487e+00,1.025429083348965209e+00,-1.508048787117009792e-01,2.123307343958196203e+00,1.114451730833162513e-01,1.349305079220788572e+00,1.327215585703104272e+00
-1.093636744674679528e+00,-6.556910296230777924e-01,-8.520143358677045864e-01,-2.749347495397884145e-01,7.202292218830805837e-01,-2.660079942350943027e-01,-3.331480515950132615e-01,1.663987457783618340e-01,-1.788014500872407542e+00
1.684686859889282129e+00,7.242635946088775700e-01,1.736760023886157800e+00,1.578247440034674098e-01,1.150563494042491808e+00,9.604652455651424559e-01,4.410081929072905971e-01,1.451523015258221028e+00,1.875938170534148908e+00
-3.661423071347205127e+00,1.501014062607584743e+00,1.619192147796837955e-01,5.604625375420257960e-01,1.153977359494967381e+00,1.092713723935996306e+00,-1.935828118694009337e-02,-8.047004538679944918e-01,1.216987858494931851e+00
4.196189832960740773e+00,-1.529567881312765998e+00,-1.179569086569907999e+00,-2.554671330666767881e-01,-3.500160829590271971e-01,7.643494085087696455e-01,8.182976959400000139e-01,-6.626246317627807469e-01,-1.202962701262708795e-01
8.922721016554935325e-01,-2.064264277057825947e-01,4.680487227271519224e-01,-3.779669619144443438e-01,-1.805832536911538000e+00,-8.831068211428625414e-01,-5.414271136764500225e-01,-2.879943797849517373e-01,1.225350066725097165e+00
-2.156381072774011809e+00,-2.991980816229132881e-02,-6.458289479326601024e-01,-6.145776089481683746e-01,-5.559838599206911036e-01,-9.446975605047573943e-01,-3.010694078502038629e-01,-6.946445899684052794e-01,-1.138830955708238335e+00
3.964769880829100757e+00,2.339961019600627079e-01,5.073975671082364691e-01,1.328545175486753216e+00,-4.920524077802178597e-01,7.694892917929200271e-01,1.197637997611024963e+00,1.064883610449378848e+00,9.198286306663250311e-01
-3.096325325779994753e+00,-1.301358558365375007e-01,-9.397540016295806709e-01,-1.615267560632560828e+00,-1.554318168898735752e+00,-1.700446689336790218e+00,-5.914304445813329814e-01,-9.745338193044164043e-01,-1.504279070814128705e+00
5.421438433866081041e+00,-1.692321338646465945e+00,-1.077440358142143895e+00,-2.333341333526858241e-01,-9.690521180949966951e-01,-1.358544819735196363e+00,-1.716148048457902947e-02,-5.222204528009298796e-01,2.407962362385895339e-01
4.792104049734151050e-01,1.052339125407469433e+00,-1.717039049899528713e+00,-1.509509680767523676e+00,-1.107291649288893343e+00,-9.642784621132172163e-01,-3.271541296758381234e-01,-1.272935262507419507e+00,6.569618909839083920e-02
-2.223017349570906909e+00,-1.498157833508122726e-02,-8.747039504532955201e-01,-8.494880170425544996e-01,4.891318700218148623e-03,-2.843028990269141909e-01,-4.849418121109848046e-01,-9.352928256412016417e-01,-9.386386169477752839e-01
-5.476549394056288378e+00,-2.761057554580247375e-01,-6.355184186748007447e-01,1.707778891584105674e+00,2.789009967483250807e-01,-5.793868994016826424e-01,-1.120413250617148693e+00,-1.546059126491429847e+00,-4.750542932936111518e-01
1.396180121677399910e+00,2.779561382849767837e-01,-1.097878754129749668e+00,-1.441477570499586358e+00,-1.816999661026281521e+00,-2.851583481777402729e-01,-1.842297522970728352e+00,3.633039859861750820e-01,-1.154487210786999452e+00
2.800798212016195610e+00,-1.676502718944481218e+00,-1.834498021853968375e+00,-6.060498937076355119e-01,-4.776106204141913197e-02,-1.141186738406009704e+00,6.233251587459430754e-01,-1.281444985031760408e+00,-8.159059198865008522e-01
-7.390424921008751369e-01,-7.821222461977166418e-01,-2.680120373120695731e+00,-2.507586886823924277e-01,-8.831188801787827058e-01,-1.081649118056890568e+00,-1.013733978754855825e+00,-5.421826455686162838e-01,-7.562153987656992093e-01
1.617390709500453383e+00,3.681625426630286114e-04,7.628064628088871979e-01,1.073011804117471213e+00,-1.838524936360246276e+00,2.147897634286095869e-01,4.585856285698015067e-01,2.038843867325160542e+00,3.217782628505041487e-01
2.885018465630448503e+00,-2.317437276293153214e+00,-3.466820207540748378e+00,-9.153476894481396009e-01,-1.441459791589649431e+00,-2.909867905328743731e+00,-1.387333601803132588e+00,-1.608761520929825606e+00,-6.554875241885570469e-01
-5.765446982444221158e-01,-1.691984815551074384e+00,3.986277701652391481e-01,2.520435181404445668e-02,-7.965137566898290444e-01,-4.644244873806933904e-02,-1.356544444324167209e+00,-1.832480780216404037e+00,-1.848149727395003439e-01
-1.303998080354977773e+00,8.926162463953998261e-01,1.099013857958150986e+00,-7.432949811555619180e-01,1.303946040832122399e+00,1.167178333738810414e+00,1.372583972327415136e+00,2.328197735095440812e-01,-1.842817241603541822e-01
2.535324930972392643e+00,1.048820312283864353e-01,-7.658147932511339961e-01,-3.587030934526166948e-01,4.612149618962533837e-01,-1.992752071910160738e-01,-6.351687003971679957e-01,5.234513644302897228e-01,1.159243512296223466e+00
1.585623547295990754e+00,-2.478636455103037928e-01,-1.014937021301943604e-01,8.006854561761178601e-01,5.486662966475887027e-01,-7.693323640027096566e-01,1.423859961556849685e+00,2.263998434058391407e+00,-7.652250676018922115e-02
-1.388053264477793647e+00,3.575845148079941360e-01,1.819197959945819232e+00,1.233748532986536750e+00,-2.823317339811428142e-02,-3.394847114528957155e-01,7.057952341394706508e-01,1.035370477478466666e+00,8.601832639139813663e-01
-3.016931264687755743e+00,7.519154714988339760e-01,-1.325738476926615617e+00,-1.124018907040137849e+00,-7.077175413298588680e-01,-4.361580066918518406e-01,-1.946759122361227723e+00,-2.052514493285339192e+00,-3.121765647654927145e-01
1.247350342382052446e+00,3.250164244267394476e-01,-4.845903270225716819e-02,1.710108639969191824e+00,-4.980855078812583270e-01,1.089197444762360911e+00,-2.307484426733689975e-01,1.217175169298203796e+00,2.116636790332157292e-01
-9.073511605898334498e-01,2.662849286830402673e-01,-5.429296664112474025e-01,-4.323193589288271826e-02,-6.079945698421189704e-01,-3.660867581918194613e-01,-1.647427530858196265e+00,8.451202937892471345e-01,7.197137597862936220e-02
2.422507133051743367e+00,-1.462425121924677829e-01,5.196630356956976060e-01,-5.433602258960118503e-01,-1.696089213439964938e-01,1.281956531884263173e+00,9.227750239649776809e-01,1.670248980327721622e+00,-8.148523374833063215e-01
-1.213584121670310267e+00,7.161624181645619425e-01,-6.679655990490615536e-02,-2.028248212502363756e+00,2.988250423958813684e-01,-4.632946221329445891e-01,-1.883171743299086209e+00,-4.474253182403239992e-01,-1.142457685694517666e+00
-4.633896778329015476e+00,-1.010638798456010429e-01,-9.368886086714270922e-01,-4.590286853422177460e-01,-1.848086061658869905e+00,-1.389007546622454070e+00,-1.085967496105887387e+00,-2.296501009932015336e+00,-1.942160636925775341e+00
-2.168157372468553667e+00,-2.906850879768066997e-01,3.137441346784836660e-01,-1.042493521442605431e+00,7.541308621763724851e-01,-1.324327219310838410e+00,-4.575094274496455671e-01,-8.473772835772398482e-01,-9.021961486848887324e-01
-1.336683759007044614e-01,1.107444363807956744e+00,-7.799668579564169590e-01,1.687164163848314136e+00,8.396947464172461739e-01,1.091827017865000915e+00,1.655714882049703407e+00,1.923052396786077423e-01,9.793595403091516216e-01
-4.267914701475881145e-01,-3.664991342877106928e-01,-1.280933624652827563e+00,1.269490858937579070e+00,-1.452169445856240415e+00,9.771083378343338177e-01,-3.531779204086862300e-01,-1.566424284375597109e+00,-5.329065226000763433e-02
-1.186501886534227834e+00,1.472545609197981831e+00,-1.343986170277099657e+00,2.754482355779048763e-01,-1.719230335647743968e-01,3.531508626789148231e-01,-3.523686801276856850e-02,-3.978872490258141270e-01,4.696724986315555794e-01
-9.079886803690238040e-01,1.248896956621683429e+00,1.651858802929099534e-01,2.240479647983850242e+00,1.233388167833739113e-01,-1.931557135362237387e-01,1.851011665313126775e+00,4.871882278424043977e-01,6.788414209868753879e-01
3.189915710658066228e+00,2.472049573696382119e+00,4.834245845790010598e-01,8.698029838667001856e-01,-9.540650000501523786e-01,1.683301093731288223e+00,-2.844034776913932916e-01,8.268056339976145308e-01,3.155572048913197758e+00
-1.072788535038107405e+01,1.063211945670425651e+00,1.609898251657842838e+00,-4.389475782624617239e-01,6.413447574545801944e-01,-1.282695831112591778e+00,-1.447619839259984831e+00,-2.345703758359787838e-01,-2.389187880250124962e+00
-3.047466326577068507e+00,6.755169919806265355e-01,9.152682115076483660e-01,1.930542472588645087e+00,1.307028616679496658e+00,-8.648573720959363831e-01,-5.563428338282055963e-01,-6.553837870297251067e-01,7.274148408003334731e-01
-1.171827885837987804e+00,1.077317577585868574e-01,1.850389164295941982e-02,4.894923025749154388e-01,-2.461392318858315886e-01,-3.591742300591430070e-01,6.772965271048034253e-02,-1.125979266892320974e+00,-1.019178589187489825e+00
-1.949059201092548932e+00,2.398314191170750065e-01,-2.880576318148000414e-01,-6.461635971516256349e-01,1.255623188383311051e-01,-9.436838789601079136e-02,-7.743972579334218453e-01,-8.601415639212314224e-01,7.929164054767869896e-01
1.755760947681716644e+00,-8.572325624756272910e-01,1.512312761709432518e+00,2.104330326426074871e-01,4.956788659955130849e-01,5.067206783170266071e-01,4.471240482008079775e-01,1.252267533766876273e+00,1.181168846286371164e-02
8.974587171202406122e-01,-3.069369408023550627e-01,-1.110122283440295315e-01,-1.120227334507114092e+00,1.325081228265177158e+00,1.124469614605038359e+00,8.909689175845115772e-01,-3.335533055303145367e-01,-1.202870281313734635e+00
-1.694165193349267184e+00,1.396888974747488854e+00,2.526113964288373426e-01,-5.648440034876676119e-01,-8.466851226318349299e-01,1.291777707699239552e-01,5.863224659694405982e-01,6.030922803849823183e-02,-8.680662495194780837e-01
1.692292411121339102e+00,-1.893814248463209005e+00,6.249494606150297615e-01,1.268286018913608593e-02,5.520456207782348246e-01,-9.970269286187437574e-01,-6.548039623926439345e-01,-7.176684529829521209e-01,1.925989094712622585e+00
-1.981101972048550985e+00,9.214308710417103976e-01,7.464142546656589161e-01,1.831274609230590933e+00,-6.254435025792646208e-01,4.196596518367957107e-01,5.392832836421804776e-01,-4.740433248542896272e-01,3.713123453009662955e-01
-2.262617878199460364e+00,9.368959888733537911e-01,3.986017313661692762e-01,7.064294663575815258e-01,1.501981399162968689e+00,-3.254053303153582877e-01,-1.682398846793647262e+00,-5.704866291079645491e-01,2.209948592921776367e+00
4.839167808515629332e+00,-9.214620941485840433e-01,-1.980801736700052107e+00,-6.703213752675830639e-01,3.944369451850057162e-01,4.880833176393736816e-01,-9.133453225803217501e-01,-9.094808157687542804e-01,9.869029111694913592e-01
3.380620541836484971e+00,-1.049784635285687107e-01,-7.031527528457953702e-01,7.097935091812083153e-01,-1.095998597424444387e+00,8.490569444219385753e-01,-1.343411579531428590e-01,4.128858246147863453e-01,6.390569005503206057e-01
1.873434716748378914e+00,-1.304575687206050993e+00,-1.592137531409322015e+00,-1.662057458265101095e+00,-1.564061736942341074e+00,-6.130187092375680713e-01,-1.460655354127334382e+00,-1.327908432305382247e+00,-7.436736891916296832e-01
2.304488594504689125e+00,7.994952763636863080e-02,7.749428848458479457e-01,-3.800263486197808516e-01,-4.661626586298611152e-01,6.337241142054199639e-01,1.010410130285132713e+00,-3.274609303573066121e-01,8.623600229894342606e-01
2.337260408544667545e+00,-6.957329089336841133e-01,6.156348708313225115e-01,-9.286680800328476204e-01,1.269339049820695120e+00,9.515006651503874402e-04,1.993619851340092008e+00,6.808906618114643483e-02,-1.689135454148423809e-01
-4.394096382215555430e-01,-2.173779702223858634e-01,-1.143405090932187562e+00,-8.949542124235029261e-01,-1.670216633766860026e+00,3.403253625066287036e-01,-1.057426530804888687e+00,-7.820671116180867299e-01,-2.761569544912462759e-01
-1.760280380569623215e-01,-1.575749691406287623e+00,-4.978864249863007019e-01,-1.430042536509780193e-01,9.753510771776731092e-01,-1.655496418795775027e+00,-1.488455059327414176e+00,1.632346056001884538e+00,-2.310696411890401647e-01
8.271821718635312681e-01,9.031483157678623641e-01,-2.480823910879332850e+00,9.110253287109062459e-01,-5.251378823775242066e-02,-8.963831269291524517e-01,1.739387342899634814e-01,5.523592502570154883e-01,-3.187930170685427389e-01
-2.336943926826171136e+00,-1.873961466754999472e-01,8.683548468435620116e-02,1.577571876366663239e-01,1.916148837838656804e-01,-8.951845422835095212e-01,-9.418741927768453648e-01,-8.310263499040931867e-01,-7.999171917122033237e-02
1.844107697923302869e-01,-4.595141180090939192e-01,1.441119215172298684e+00,-6.235901299188011393e-01,1.200596305990640822e+00,1.742973449588639756e+00,1.882653517302065760e+00,-3.252050670939335975e-01,-6.357135402854173778e-01
1.075157874752991072e-02,8.261963359514670202e-01,-2.716885271227040821e-01,1.082034477732089162e+00,3.739508990224008622e-01,-5.497609893610888587e-01,6.814488802014992963e-01,6.377048532387288304e-01,5.028362385317435290e-01
-2.826878316351905340e+00,4.211529693582465872e-01,-5.645830489170553523e-01,-1.108363757113002140e-01,-1.230010637723030875e+00,-5.757088503937384250e-01,-1.807917675548047942e+00,-3.198230290559216926e-01,-7.532738325883893138e-01
-2.361751390398361128e+00,-1.135076330254212840e+00,3.946130872318360239e-01,1.014205616737352322e+00,1.194214933810618273e+00,8.370338577113531353e-02,2.387555610718496701e-01,-1.432033013671338284e-01,-9.572106555274010331e-01
7.216133506430304489e-01,-2.368301856673205863e-01,-6.488720162973429795e-02,-1.227193889656537751e+00,-1.284487314235371880e+00,-6.407941934502763282e-01,7.766630768986992200e-03,-1.278221117507034821e+00,-7.475006237941377307e-01
-2.002979649686881469e+00,-4.717398601537040603e-01,-4.205386993499442005e-01,-1.146999136919521378e+00,-8.344377266624957157e-01,3.724550557052100364e-01,-1.157553586194221218e+00,-1.014735575937050438e+00,-1.976310734307410666e+00
4.804236161122942050e+00,6.786614086614587427e-01,-4.469353992251611646e-02,-5.762923938871914453e-01,5.771025302917662803e-01,1.656262874012604414e+00,1.074947297833040105e+00,1.193301223080445173e+00,1.207943643404661094e+00
6.630198412544326736e+00,-7.623248727817078310e-03,6.480257234989571513e-01,6.763230990854611768e-01,-6.191560546076302352e-01,1.036902344379778018e+00,9.196489391479657494e-01,1.519758419455814025e+00,1.609451667642581629e+00
