gvkey,gvkeyx,from,thru,conm,tic,co_tic,co_cusip
001078,000003,19640331,,S&P 500 Comp-Ltd,I0003,ABT,002824100
001300,000003,19640331,,S&P 500 Comp-Ltd,I0003,HON,438516106
001440,000003,19640331,,S&P 500 Comp-Ltd,I0003,AEP,025537101
002285,000003,19640331,,S&P 500 Comp-Ltd,I0003,BA,097023105
002403,000003,19640331,,S&P 500 Comp-Ltd,I0003,BMY,110122108
002663,000003,19640331,,S&P 500 Comp-Ltd,I0003,CPB,134429109
002817,000003,19640331,,S&P 500 Comp-Ltd,I0003,CAT,149123101
002991,000003,19640331,,S&P 500 Comp-Ltd,I0003,CVX,166764100
003144,000003,19640331,,S&P 500 Comp-Ltd,I0003,KO,191216100
003170,000003,19640331,,S&P 500 Comp-Ltd,I0003,CL,194162103
003413,000003,19640331,,S&P 500 Comp-Ltd,I0003,ED,209115104
003532,000003,19640331,,S&P 500 Comp-Ltd,I0003,GLW,219350105
003835,000003,19640331,,S&P 500 Comp-Ltd,I0003,DE,244199105
003897,000003,19640331,,S&P 500 Comp-Ltd,I0003,DTE,233331107
004029,000003,19640331,,S&P 500 Comp-Ltd,I0003,D,25746U109
004060,000003,19640331,,S&P 500 Comp-Ltd,I0003,DWDP,26078J100
004199,000003,19640331,,S&P 500 Comp-Ltd,I0003,ETN,G29183103
004503,000003,19640331,,S&P 500 Comp-Ltd,I0003,XOM,30231G102
004839,000003,19640331,,S&P 500 Comp-Ltd,I0003,F,345370860
005046,000003,19640331,,S&P 500 Comp-Ltd,I0003,GD,369550108
005047,000003,19640331,,S&P 500 Comp-Ltd,I0003,GE,369604103
005439,000003,19640331,,S&P 500 Comp-Ltd,I0003,HAL,406216101
005597,000003,19640331,,S&P 500 Comp-Ltd,I0003,HSY,427866108
006066,000003,19640331,,S&P 500 Comp-Ltd,I0003,IBM,459200101
006104,000003,19640331,,S&P 500 Comp-Ltd,I0003,IP,460146103
006375,000003,19640331,,S&P 500 Comp-Ltd,I0003,K,487836108
006435,000003,19640331,,S&P 500 Comp-Ltd,I0003,KMB,494368103
006502,000003,19640331,,S&P 500 Comp-Ltd,I0003,KR,501044101
007163,000003,19640331,,S&P 500 Comp-Ltd,I0003,SPGI,78409V104
007241,000003,19640331,,S&P 500 Comp-Ltd,I0003,CVS,126650100
007257,000003,19640331,,S&P 500 Comp-Ltd,I0003,MRK,58933Y105
007366,000003,19640331,,S&P 500 Comp-Ltd,I0003,ETR,29364G103
007435,000003,19640331,,S&P 500 Comp-Ltd,I0003,MMM,88579Y101
007585,000003,19640331,,S&P 500 Comp-Ltd,I0003,MSI,620076307
007923,000003,19640331,,S&P 500 Comp-Ltd,I0003,NSC,655844108
007977,000003,19640331,,S&P 500 Comp-Ltd,I0003,XEL,98389B100
008099,000003,19640331,,S&P 500 Comp-Ltd,I0003,FE,337932107
008247,000003,19640331,,S&P 500 Comp-Ltd,I0003,PPG,693506107
008272,000003,19640331,,S&P 500 Comp-Ltd,I0003,SRE,816851109
008479,000003,19640331,,S&P 500 Comp-Ltd,I0003,PEP,713448108
008530,000003,19640331,,S&P 500 Comp-Ltd,I0003,PFE,717081103
008539,000003,19640331,,S&P 500 Comp-Ltd,I0003,EXC,30161N101
008543,000003,19640331,,S&P 500 Comp-Ltd,I0003,MO,02209S103
008549,000003,19640331,,S&P 500 Comp-Ltd,I0003,COP,20825C104
008762,000003,19640331,,S&P 500 Comp-Ltd,I0003,PG,742718109
008810,000003,19640331,,S&P 500 Comp-Ltd,I0003,PEG,744573106
008972,000003,19640331,,S&P 500 Comp-Ltd,I0003,RTN,755111507
009203,000003,19640331,,S&P 500 Comp-Ltd,I0003,ROK,773903109
009846,000003,19640331,,S&P 500 Comp-Ltd,I0003,EIX,281020107
009850,000003,19640331,,S&P 500 Comp-Ltd,I0003,SO,842587107
010499,000003,19640331,,S&P 500 Comp-Ltd,I0003,TXN,882508104
010867,000003,19640331,,S&P 500 Comp-Ltd,I0003,UNP,907818108
010983,000003,19640331,,S&P 500 Comp-Ltd,I0003,UTX,913017109
011456,000003,19640331,,S&P 500 Comp-Ltd,I0003,WY,962166104
011465,000003,19640331,,S&P 500 Comp-Ltd,I0003,WHR,963320106
011636,000003,19640331,,S&P 500 Comp-Ltd,I0003,XRX,984121608
011462,000003,19640331,19850331,S&P 500 Comp-Ltd,I0003,HNH,929248409
001528,000003,19640331,19850430,S&P 500 Comp-Ltd,I0003,ANR.2,028609105
007162,000003,19640331,19850430,S&P 500 Comp-Ltd,I0003,MGR.2,580628105
007707,000003,19640331,19850430,S&P 500 Comp-Ltd,I0003,NAC.3,635128101
009653,000003,19640331,19850531,S&P 500 Comp-Ltd,I0003,4108A,822635009
007674,000003,19640331,19850831,S&P 500 Comp-Ltd,I0003,NB.2,629525106
009560,000003,19640331,19850831,S&P 500 Comp-Ltd,I0003,SRL.2,812302107
010873,000003,19640331,19850831,S&P 500 Comp-Ltd,I0003,R.1,909160103
001040,000003,19640331,19850930,S&P 500 Comp-Ltd,I0003,AMF.2,001688100
005055,000003,19640331,19851031,S&P 500 Comp-Ltd,I0003,MO1,369856000
006828,000003,19640331,19851031,S&P 500 Comp-Ltd,I0003,LST.1,547779108
003125,000003,19640331,19851231,S&P 500 Comp-Ltd,I0003,CLU.2,189486103
002102,000003,19640331,19860331,S&P 500 Comp-Ltd,I0003,4708C,074077934
001623,000003,19640331,19860430,S&P 500 Comp-Ltd,I0003,4936C,032177107
003627,000003,19640331,19860430,S&P 500 Comp-Ltd,I0003,FJ1,228669008
007739,000003,19640331,19860430,S&P 500 Comp-Ltd,I0003,NGCO,636317109
008889,000003,19640331,19860531,S&P 500 Comp-Ltd,I0003,RCA.1,749285102
006928,000003,19640331,19860630,S&P 500 Comp-Ltd,I0003,4931C,556139939
009947,000003,19640331,19860831,S&P 500 Comp-Ltd,I0003,SY.2,848355103
001803,000003,19640331,19860930,S&P 500 Comp-Ltd,I0003,DG.2,045573102
004475,000003,19640331,19860930,S&P 500 Comp-Ltd,I0003,XLO,300587102
004920,000003,19640331,19860930,S&P 500 Comp-Ltd,I0003,KH.1,482461910
011266,000003,19640331,19860930,S&P 500 Comp-Ltd,I0003,HWR.,931647101
009359,000003,19640331,19861031,S&P 500 Comp-Ltd,I0003,SWY,786514208
002998,000003,19640331,19861130,S&P 500 Comp-Ltd,I0003,CGG.1,167898105
001301,000003,19640331,19861231,S&P 500 Comp-Ltd,I0003,9174A,019519008
002827,000003,19640331,19870131,S&P 500 Comp-Ltd,I0003,CZ.1,150843100
008215,000003,19640331,19870228,S&P 500 Comp-Ltd,I0003,OI,690768403
009111,000003,19640331,19870430,S&P 500 Comp-Ltd,I0003,FA1,76168T005
006291,000003,19640331,19870531,S&P 500 Comp-Ltd,I0003,JOY.1,481206100
001517,000003,19640331,19870731,S&P 500 Comp-Ltd,I0003,AMO.1,027627108
002322,000003,19640331,19870731,S&P 500 Comp-Ltd,I0003,BOR.1,122374101
002661,000003,19640331,19870731,S&P 500 Comp-Ltd,I0003,CRK.1,134411107
004021,000003,19640331,19870731,S&P 500 Comp-Ltd,I0003,DM.2,257075101
002489,000003,19640331,19870831,S&P 500 Comp-Ltd,I0003,3BRLGQ,121693972
010320,000003,19640331,19870930,S&P 500 Comp-Ltd,I0003,TFB.,873635106
002110,000003,19640331,19871130,S&P 500 Comp-Ltd,I0003,5372C,055382931
009746,000003,19640331,19880131,S&P 500 Comp-Ltd,I0003,5573C,088774948
010066,000003,19640331,19880131,S&P 500 Comp-Ltd,I0003,STY.1,859264103
001567,000003,19640331,19880331,S&P 500 Comp-Ltd,I0003,TT.2,892893108
004611,000003,19640331,19880430,S&P 500 Comp-Ltd,I0003,M,55616P104
004672,000003,19640331,19880430,S&P 500 Comp-Ltd,I0003,FIR.1,318315108
010082,000003,19640331,19880430,S&P 500 Comp-Ltd,I0003,WPM1,860163005
007495,000003,19640331,19880630,S&P 500 Comp-Ltd,I0003,MOH.,608030102
006318,000003,19640331,19881031,S&P 500 Comp-Ltd,I0003,5854A,483102000
006920,000003,19640331,19881031,S&P 500 Comp-Ltd,I0003,MLL.2,554790105
001414,000003,19640331,19881130,S&P 500 Comp-Ltd,I0003,PRI,741587109
003746,000003,19640331,19881130,S&P 500 Comp-Ltd,I0003,MO3,500902002
009113,000003,19640331,19890131,S&P 500 Comp-Ltd,I0003,NGH.2,62952P102
002920,000003,19640331,19890430,S&P 500 Comp-Ltd,I0003,CHM.2,158663104
003224,000003,19640331,19891215,S&P 500 Comp-Ltd,I0003,CSP.2,200273100
006796,000003,19640331,19901130,S&P 500 Comp-Ltd,I0003,LCE,542290408
006025,000003,19640331,19901204,S&P 500 Comp-Ltd,I0003,FBNIQ,360921209
008308,000003,19640331,19910109,S&P 500 Comp-Ltd,I0003,3PNAA.,697757102
010970,000003,19640331,19910506,S&P 500 Comp-Ltd,I0003,MROX.CM,90399Y931
009965,000003,19640331,19910521,S&P 500 Comp-Ltd,I0003,SQD.1,852206101
007648,000003,19640331,19910919,S&P 500 Comp-Ltd,I0003,NCR,62886E108
010816,000003,19640331,19920131,S&P 500 Comp-Ltd,I0003,USG,903293405
007515,000003,19640331,19920630,S&P 500 Comp-Ltd,I0003,GWOW,37184G104
008617,000003,19640331,19930630,S&P 500 Comp-Ltd,I0003,PZSM.CM,72599Y937
008935,000003,19640331,19930731,S&P 500 Comp-Ltd,I0003,RACM.CM,75199Z931
007724,000003,19640331,19930930,S&P 500 Comp-Ltd,I0003,CUE.1,747633105
001365,000003,19640331,19931112,S&P 500 Comp-Ltd,I0003,AMX.2,023127103
007658,000003,19640331,19931231,S&P 500 Comp-Ltd,I0003,NL,629156407
004595,000003,19640331,19940331,S&P 500 Comp-Ltd,I0003,FJCC,313135501
005141,000003,19640331,19940630,S&P 500 Comp-Ltd,I0003,GEB.1,373712108
010795,000003,19640331,19940712,S&P 500 Comp-Ltd,I0003,UAL,902549500
001430,000003,19640331,19940926,S&P 500 Comp-Ltd,I0003,ACY.1,025321100
007745,000003,19640331,19940926,S&P 500 Comp-Ltd,I0003,AVATQ,05349F402
005109,000003,19640331,19941002,S&P 500 Comp-Ltd,I0003,GCO,371532102
002316,000003,19640331,19941220,S&P 500 Comp-Ltd,I0003,0141A,428300107
007077,000003,19640331,19950315,S&P 500 Comp-Ltd,I0003,ML.3,572900108
003091,000003,19640331,19950521,S&P 500 Comp-Ltd,I0003,CKL,181396102
009408,000003,19640331,19950921,S&P 500 Comp-Ltd,I0003,SFX.2,802183103
011678,000003,19640331,19951107,S&P 500 Comp-Ltd,I0003,ZE,989349105
002529,000003,19640331,19951126,S&P 500 Comp-Ltd,I0003,CBS.1,124845108
009514,000003,19640331,19951212,S&P 500 Comp-Ltd,I0003,SPP.3,809877103
004603,000003,19640331,19960312,S&P 500 Comp-Ltd,I0003,FBO,313693103
002436,000003,19640331,19960721,S&P 500 Comp-Ltd,I0003,CAL,129500104
008325,000003,19640331,19970618,S&P 500 Comp-Ltd,I0003,PEL.1,697926103
004393,000003,19640331,19970805,S&P 500 Comp-Ltd,I0003,TXU2,873170005
002159,000003,19640331,19980630,S&P 500 Comp-Ltd,I0003,BNL.1,081721102
005968,000003,19640331,19980630,S&P 500 Comp-Ltd,I0003,RYI,78375P107
004073,000003,19640331,19980930,S&P 500 Comp-Ltd,I0003,DI.,261597108
005087,000003,19640331,19981006,S&P 500 Comp-Ltd,I0003,SPXC,784635104
003022,000003,19640331,19981112,S&P 500 Comp-Ltd,I0003,C.3,171196108
001755,000003,19640331,19981123,S&P 500 Comp-Ltd,I0003,AS.,042170100
001609,000003,19640331,19990103,S&P 500 Comp-Ltd,I0003,AN.2,031905102
011584,000003,19640331,19990103,S&P 500 Comp-Ltd,I0003,FL,344849104
006701,000003,19640331,19990411,S&P 500 Comp-Ltd,I0003,ANV.1,007869100
010855,000003,19640331,19990502,S&P 500 Comp-Ltd,I0003,UCC.2,905530101
009810,000003,19640331,19991025,S&P 500 Comp-Ltd,I0003,SNT.1,835415100
001789,000003,19640331,19991026,S&P 500 Comp-Ltd,I0003,AR.2,043413103
007475,000003,19640331,19991130,S&P 500 Comp-Ltd,I0003,MOB.2,607059102
005693,000003,19640331,19991201,S&P 500 Comp-Ltd,I0003,HON.Z,438506107
003419,000003,19640331,20000130,S&P 500 Comp-Ltd,I0003,D2,209615004
004864,000003,19640331,20000130,S&P 500 Comp-Ltd,I0003,FWLT,H27178104
001848,000003,19640331,20000417,S&P 500 Comp-Ltd,I0003,ARC.3,048825103
009114,000003,19640331,20000504,S&P 500 Comp-Ltd,I0003,RLM.1,761763101
011436,000003,19640331,20000504,S&P 500 Comp-Ltd,I0003,CBS.2,12490K107
007938,000003,19640331,20000604,S&P 500 Comp-Ltd,I0003,NC,629579103
002847,000003,19640331,20000615,S&P 500 Comp-Ltd,I0003,CSR.1,152357109
011288,000003,19640331,20000620,S&P 500 Comp-Ltd,I0003,WLA,934488107
003041,000003,19640331,20000628,S&P 500 Comp-Ltd,I0003,MZIAQ,598709301
004961,000003,19640331,20000702,S&P 500 Comp-Ltd,I0003,GTE.1,362320103
005301,000003,19640331,20000829,S&P 500 Comp-Ltd,I0003,GAPTQ,390064103
008214,000003,19640331,20001001,S&P 500 Comp-Ltd,I0003,OC,69073F103
002562,000003,19640331,20001002,S&P 500 Comp-Ltd,I0003,BFO.2,08658U101
003255,000003,19640331,20001022,S&P 500 Comp-Ltd,I0003,UCM.2,904911104
003206,000003,19640331,20001101,S&P 500 Comp-Ltd,I0003,NI2,197648009
001762,000003,19640331,20001116,S&P 500 Comp-Ltd,I0003,3ACKH,042384107
002189,000003,19640331,20001210,S&P 500 Comp-Ltd,I0003,3BHMSQ,087509105
003619,000003,19640331,20001210,S&P 500 Comp-Ltd,I0003,CCK,228368106
005250,000003,19640331,20001210,S&P 500 Comp-Ltd,I0003,GRA,38388F108
009548,000003,19640331,20001210,S&P 500 Comp-Ltd,I0003,VO.3,811850106
008657,000003,19640331,20001211,S&P 500 Comp-Ltd,I0003,PRDCQ,731095105
010857,000003,19640331,20010206,S&P 500 Comp-Ltd,I0003,DOW2,905581104
008852,000003,19640331,20010802,S&P 500 Comp-Ltd,I0003,OAT.,747402105
010581,000003,19640331,20010806,S&P 500 Comp-Ltd,I0003,TKR,887389104
008151,000003,19640331,20010829,S&P 500 Comp-Ltd,I0003,OKE,682680103
010482,000003,19640331,20011009,S&P 500 Comp-Ltd,I0003,TX.2,881694103
006127,000003,19640331,20011129,S&P 500 Comp-Ltd,I0003,ENRNQ,293561106
005686,000003,19640331,20011216,S&P 500 Comp-Ltd,I0003,HM,437614100
004510,000003,19640331,20020101,S&P 500 Comp-Ltd,I0003,FMC,302491303
006307,000003,19640331,20020116,S&P 500 Comp-Ltd,I0003,SHLDQ,482584109
007180,000003,19640331,20020129,S&P 500 Comp-Ltd,I0003,MEA.1,582834107
007892,000003,19640331,20020131,S&P 500 Comp-Ltd,I0003,NMK,653520106
001243,000003,19640331,20020721,S&P 500 Comp-Ltd,I0003,AL.1,013716105
005905,000003,19640331,20020721,S&P 500 Comp-Ltd,I0003,INCLF,453258402
009267,000003,19640331,20020721,S&P 500 Comp-Ltd,I0003,RDPL,780257804
010846,000003,19640331,20020721,S&P 500 Comp-Ltd,I0003,UN,904784709
010301,000003,19640331,20021211,S&P 500 Comp-Ltd,I0003,TRW.1,872649108
001045,000003,19640331,20030313,S&P 500 Comp-Ltd,I0003,AAL,001765106
005735,000003,19640331,20030330,S&P 500 Comp-Ltd,I0003,HBC1,441815107
007536,000003,19640331,20030415,S&P 500 Comp-Ltd,I0003,PHA.1,71713U102
011535,000003,19640331,20041202,S&P 500 Comp-Ltd,I0003,WINN,974280109
003580,000003,19640331,20041219,S&P 500 Comp-Ltd,I0003,CR,224399105
009563,000003,19640331,20050327,S&P 500 Comp-Ltd,I0003,S.1,812387108
011038,000003,19640331,20050810,S&P 500 Comp-Ltd,I0003,UCL,915289102
007127,000003,19640331,20050828,S&P 500 Comp-Ltd,I0003,MAY.2,577778103
005169,000003,19640331,20051002,S&P 500 Comp-Ltd,I0003,G.1,375766102
001581,000003,19640331,20051120,S&P 500 Comp-Ltd,I0003,T.2,001957505
005134,000003,19640331,20051219,S&P 500 Comp-Ltd,I0003,GP.1,373298108
003734,000003,19640331,20060302,S&P 500 Comp-Ltd,I0003,DAN,235811106
007139,000003,19640331,20060402,S&P 500 Comp-Ltd,I0003,MYG.1,578592107
006081,000003,19640331,20061219,S&P 500 Comp-Ltd,I0003,NAV,63934E108
008470,000003,19640331,20070221,S&P 500 Comp-Ltd,I0003,PGL.1,711030106
008536,000003,19640331,20070319,S&P 500 Comp-Ltd,I0003,PD.1,717265102
010507,000003,19640331,20071009,S&P 500 Comp-Ltd,I0003,0033A,873168108
011609,000003,19640331,20081006,S&P 500 Comp-Ltd,I0003,WWY,982526105
002504,000003,19640331,20081110,S&P 500 Comp-Ltd,I0003,UIS,909214306
005589,000003,19640331,20081113,S&P 500 Comp-Ltd,I0003,HPC,427056106
005073,000003,19640331,20090602,S&P 500 Comp-Ltd,I0003,GM,62010A105
005959,000003,19640331,20090630,S&P 500 Comp-Ltd,I0003,IR,G47791101
003497,000003,19640331,20090908,S&P 500 Comp-Ltd,I0003,CBE,G24140108
001478,000003,19640331,20091015,S&P 500 Comp-Ltd,I0003,WYE,983024100
009459,000003,19640331,20091103,S&P 500 Comp-Ltd,I0003,SGP,806605101
002490,000003,19640331,20100215,S&P 500 Comp-Ltd,I0003,BRK3,12189T104
004194,000003,19640331,20101219,S&P 500 Comp-Ltd,I0003,KODK,277461109
005860,000003,19640331,20111031,S&P 500 Comp-Ltd,I0003,ITT,45073V108
001995,000003,19640331,20120313,S&P 500 Comp-Ltd,I0003,CEG,210371100
005229,000003,19640331,20120730,S&P 500 Comp-Ltd,I0003,GR,382388106
005568,000003,19640331,20130606,S&P 500 Comp-Ltd,I0003,KHC,423074103
008446,000003,19640331,20131201,S&P 500 Comp-Ltd,I0003,JCP,708160106
001408,000003,19640331,20140430,S&P 500 Comp-Ltd,I0003,BEAM,073730103
011446,000003,19640331,20150701,S&P 500 Comp-Ltd,I0003,MWV,583334107
001356,000003,19640331,20161031,S&P 500 Comp-Ltd,I0003,AA.3,013817507
008606,000003,19640331,20170228,S&P 500 Comp-Ltd,I0003,PBI,724479100
001976,000003,19640331,20170704,S&P 500 Comp-Ltd,I0003,BHI,057224107
004087,000003,19640331,20170831,S&P 500 Comp-Ltd,I0003,DD,263534109
008264,000003,19640331,20190117,S&P 500 Comp-Ltd,I0003,PCG,69331C108
005234,000003,19640331,20190226,S&P 500 Comp-Ltd,I0003,GT,382550101
009667,000003,19640630,,S&P 500 Comp-Ltd,I0003,SHW,824348106
010576,000003,19640630,20010115,S&P 500 Comp-Ltd,I0003,TWX.1,887315109
011274,000003,19640930,19871130,S&P 500 Comp-Ltd,I0003,JWC.,933169104
005824,000003,19640930,19980129,S&P 500 Comp-Ltd,I0003,PAS,71343P200
003650,000003,19650331,,S&P 500 Comp-Ltd,I0003,CMI,231021106
004321,000003,19650331,,S&P 500 Comp-Ltd,I0003,EMR,291011104
009465,000003,19650331,,S&P 500 Comp-Ltd,I0003,SLB,806857108
005321,000003,19650630,19970701,S&P 500 Comp-Ltd,I0003,GWF.,391442100
007155,000003,19651231,19970803,S&P 500 Comp-Ltd,I0003,MD.1,580169100
010580,000003,19651231,20000612,S&P 500 Comp-Ltd,I0003,TMC,887364107
007099,000003,19660630,19960905,S&P 500 Comp-Ltd,I0003,VAT,92224R602
004189,000003,19660930,20001101,S&P 500 Comp-Ltd,I0003,EFU.1,27637F100
010490,000003,19661231,19890331,S&P 500 Comp-Ltd,I0003,PEL4,882387103
002729,000003,19661231,19960211,S&P 500 Comp-Ltd,I0003,CCB.2,139859102
010391,000003,19670331,20071115,S&P 500 Comp-Ltd,I0003,TEK.1,879131100
009104,000003,19670630,19851031,S&P 500 Comp-Ltd,I0003,4640A,76199X009
002987,000003,19670630,19870131,S&P 500 Comp-Ltd,I0003,CBM.4,165339102
005361,000003,19670630,19940415,S&P 500 Comp-Ltd,I0003,GQ.1,400181103
001608,000003,19670630,19990404,S&P 500 Comp-Ltd,I0003,AMP.2,031897101
001920,000003,19670630,20150322,S&P 500 Comp-Ltd,I0003,AVP,054303102
002574,000003,19670930,,S&P 500 Comp-Ltd,I0003,CSX,126408103
009320,000003,19670930,19850131,S&P 500 Comp-Ltd,I0003,SFN.,784150104
003568,000003,19670930,19850630,S&P 500 Comp-Ltd,I0003,COX.,224043109
006861,000003,19670930,19901130,S&P 500 Comp-Ltd,I0003,MCA.1,552653107
009963,000003,19670930,20001211,S&P 500 Comp-Ltd,I0003,SMI.1,851783100
001098,000003,19680331,19920702,S&P 500 Comp-Ltd,I0003,AMT.1,004626107
008537,000003,19680331,19971127,S&P 500 Comp-Ltd,I0003,C2,173073008
003851,000003,19680331,20050818,S&P 500 Comp-Ltd,I0003,DAL,247361108
005468,000003,19680630,19911031,S&P 500 Comp-Ltd,I0003,HBJ,411631104
002433,000003,19680630,19920630,S&P 500 Comp-Ltd,I0003,BNSSA,055966402
002393,000003,19680630,20010402,S&P 500 Comp-Ltd,I0003,BGG,109043109
007260,000003,19680630,20110103,S&P 500 Comp-Ltd,I0003,MDP,589433101
009234,000003,19680930,19880331,S&P 500 Comp-Ltd,I0003,ROP.1,776678104
001062,000003,19680930,19890731,S&P 500 Comp-Ltd,I0003,ASA,G3156P103
003121,000003,19690331,,S&P 500 Comp-Ltd,I0003,CLX,189054109
005071,000003,19690331,,S&P 500 Comp-Ltd,I0003,GIS,370334104
006819,000003,19690331,19971022,S&P 500 Comp-Ltd,I0003,LLX.,546268103
010156,000003,19690331,20121004,S&P 500 Comp-Ltd,I0003,SUN.1,86764P109
007881,000003,19690630,,S&P 500 Comp-Ltd,I0003,NEM,651639106
001409,000003,19690630,19851231,S&P 500 Comp-Ltd,I0003,ABC.2,024735102
003480,000003,19690630,20010401,S&P 500 Comp-Ltd,I0003,4622B,156779100
005245,000003,19690930,19880930,S&P 500 Comp-Ltd,I0003,GLD.3,383492105
007154,000003,19700630,,S&P 500 Comp-Ltd,I0003,MCD,580135101
005187,000003,19700630,19851231,S&P 500 Comp-Ltd,I0003,GSF.2,G3930E101
006351,000003,19700630,19890228,S&P 500 Comp-Ltd,I0003,SAI.1,866930100
005662,000003,19700630,19900131,S&P 500 Comp-Ltd,I0003,HIA.1,435071105
007063,000003,19700630,19930930,S&P 500 Comp-Ltd,I0003,HST,44107P104
002917,000003,19700630,20000618,S&P 500 Comp-Ltd,I0003,CHA.3,158525105
008692,000003,19700630,20010708,S&P 500 Comp-Ltd,I0003,PCH,737630103
005643,000003,19700630,20071024,S&P 500 Comp-Ltd,I0003,HLT,432848109
002290,000003,19700630,20080622,S&P 500 Comp-Ltd,I0003,OMX,67622P101
006730,000003,19701231,,S&P 500 Comp-Ltd,I0003,LLY,532457108
001239,000003,19710331,20061116,S&P 500 Comp-Ltd,I0003,ACV.1,013078100
007152,000003,19710930,20030819,S&P 500 Comp-Ltd,I0003,MDR,580037703
008937,000003,19711231,19891220,S&P 500 Comp-Ltd,I0003,RAM.3,751328105
008974,000003,19720331,19890731,S&P 500 Comp-Ltd,I0003,FLC.2,74912E945
006038,000003,19720331,19930712,S&P 500 Comp-Ltd,I0003,IK,458702107
002086,000003,19720930,,S&P 500 Comp-Ltd,I0003,BAX,071813109
002111,000003,19720930,,S&P 500 Comp-Ltd,I0003,BDX,075887109
001481,000003,19720930,19851031,S&P 500 Comp-Ltd,I0003,AHS.1,026681106
005458,000003,19730331,19960307,S&P 500 Comp-Ltd,I0003,HDLM,410252100
008202,000003,19730331,19960930,S&P 500 Comp-Ltd,I0003,9975B,690020102
002444,000003,19730331,20080622,S&P 500 Comp-Ltd,I0003,BC,117043109
010332,000003,19730331,20110630,S&P 500 Comp-Ltd,I0003,RSHCQ,74979E101
006266,000003,19730630,,S&P 500 Comp-Ltd,I0003,JNJ,478160104
005775,000003,19730630,19870331,S&P 500 Comp-Ltd,I0003,HT.,444492102
001194,000003,19730630,19980930,S&P 500 Comp-Ltd,I0003,AHM.1,008677106
002796,000003,19730930,19910131,S&P 500 Comp-Ltd,I0003,BWY.1,111572103
005125,000003,19731231,,S&P 500 Comp-Ltd,I0003,GPC,372460105
004204,000003,19731231,19980709,S&P 500 Comp-Ltd,I0003,ECH.1,278749106
009002,000003,19740630,19880930,S&P 500 Comp-Ltd,I0003,RDMN,757642103
010950,000003,19740630,19910331,S&P 500 Comp-Ltd,I0003,UH,911920106
009761,000003,19740630,19950730,S&P 500 Comp-Ltd,I0003,SKY.1,83099K939
004768,000003,19740630,20000130,S&P 500 Comp-Ltd,I0003,FLTWQ,339099103
005606,000003,19741231,,S&P 500 Comp-Ltd,I0003,HPQ,40434L105
010540,000003,19741231,20040802,S&P 500 Comp-Ltd,I0003,TNB,884315102
006821,000003,19741231,20061109,S&P 500 Comp-Ltd,I0003,LPX,546347105
008488,000003,19741231,20081123,S&P 500 Comp-Ltd,I0003,ABI.3,038149100
011506,000003,19750331,,S&P 500 Comp-Ltd,I0003,WMB,969457100
002122,000003,19750331,19850930,S&P 500 Comp-Ltd,I0003,BKI910,077266104
010608,000003,19750331,19910430,S&P 500 Comp-Ltd,I0003,TKA.,890278104
004719,000003,19750331,19951022,S&P 500 Comp-Ltd,I0003,CEM.2,16361A106
006096,000003,19750331,20001017,S&P 500 Comp-Ltd,I0003,MKG,561232109
002044,000003,19750630,20180102,S&P 500 Comp-Ltd,I0003,BCR,067383109
008407,000003,19750930,19850930,S&P 500 Comp-Ltd,I0003,PBD.1,704562107
002439,000003,19750930,19990801,S&P 500 Comp-Ltd,I0003,BFI.,115885105
004207,000003,19751231,19860430,S&P 500 Comp-Ltd,I0003,ECK.1,278763107
013961,000003,19751231,19861130,S&P 500 Comp-Ltd,I0003,RXR.1,761339100
011284,000003,19751231,19890731,S&P 500 Comp-Ltd,I0003,WCI.1,934436106
003955,000003,19751231,19980611,S&P 500 Comp-Ltd,I0003,DEC.1,253849103
009155,000003,19751231,20000726,S&P 500 Comp-Ltd,I0003,RAD,767754872
006475,000003,19751231,20060627,S&P 500 Comp-Ltd,I0003,KRI,499040103
004988,000003,19751231,20170601,S&P 500 Comp-Ltd,I0003,TGNA,87901J105
006078,000003,19760331,,S&P 500 Comp-Ltd,I0003,IFF,459506101
006834,000003,19760331,19880531,S&P 500 Comp-Ltd,I0003,LKS,549577104
007672,000003,19760331,19890630,S&P 500 Comp-Ltd,I0003,NWA,667280101
002255,000003,19760331,20100314,S&P 500 Comp-Ltd,I0003,BDK,091797100
001447,000003,19760630,,S&P 500 Comp-Ltd,I0003,AXP,025816109
002547,000003,19760630,,S&P 500 Comp-Ltd,I0003,CI,125523100
002968,000003,19760630,,S&P 500 Comp-Ltd,I0003,JPM,46625H100
003505,000003,19760630,,S&P 500 Comp-Ltd,I0003,TAP,60871R209
003980,000003,19760630,,S&P 500 Comp-Ltd,I0003,DIS,254687106
004093,000003,19760630,,S&P 500 Comp-Ltd,I0003,DUK,26441C204
004517,000003,19760630,,S&P 500 Comp-Ltd,I0003,NEE,65339F101
006742,000003,19760630,,S&P 500 Comp-Ltd,I0003,LNC,534187109
007647,000003,19760630,,S&P 500 Comp-Ltd,I0003,BAC,060505104
008007,000003,19760630,,S&P 500 Comp-Ltd,I0003,WFC,949746101
008252,000003,19760630,19850430,S&P 500 Comp-Ltd,I0003,PABT,693715203
004732,000003,19760630,19870331,S&P 500 Comp-Ltd,I0003,FPA.,336072103
006058,000003,19760630,19870331,S&P 500 Comp-Ltd,I0003,IFC.1,458916103
015448,000003,19760630,19880531,S&P 500 Comp-Ltd,I0003,CIN3,263901001
004323,000003,19760630,19890331,S&P 500 Comp-Ltd,I0003,EAF.1,291101103
007003,000003,19760630,19920101,S&P 500 Comp-Ltd,I0003,MHC.1,564809101
010705,000003,19760630,19931130,S&P 500 Comp-Ltd,I0003,TIC.1,894180108
002558,000003,19760630,19940228,S&P 500 Comp-Ltd,I0003,CNA,126117100
003459,000003,19760630,19950509,S&P 500 Comp-Ltd,I0003,CIC.3,211327101
004689,000003,19760630,19951130,S&P 500 Comp-Ltd,I0003,FNB.,319455101
002943,000003,19760630,19960331,S&P 500 Comp-Ltd,I0003,CMB.1,161610100
004710,000003,19760630,19960331,S&P 500 Comp-Ltd,I0003,I.1,320548100
011649,000003,19760630,19961103,S&P 500 Comp-Ltd,I0003,YRCW,984249607
003416,000003,19760630,19961202,S&P 500 Comp-Ltd,I0003,CNW,205944101
065351,000003,19760630,19970610,S&P 500 Comp-Ltd,I0003,PVN.2,744061102
009168,000003,19760630,19980127,S&P 500 Comp-Ltd,I0003,CBB.1,129894101
010815,000003,19760630,19980426,S&P 500 Comp-Ltd,I0003,FG.1,903290104
002024,000003,19760630,19980930,S&P 500 Comp-Ltd,I0003,BAC.Z.,066050105
003066,000003,19760630,19981007,S&P 500 Comp-Ltd,I0003,3614B,17399Z931
002029,000003,19760630,19990603,S&P 500 Comp-Ltd,I0003,BT.2,066365107
002014,000003,19760630,19990930,S&P 500 Comp-Ltd,I0003,BKB.2,06605R106
007562,000003,19760630,20010101,S&P 500 Comp-Ltd,I0003,JPM.Z,616880100
001465,000003,19760630,20010829,S&P 500 Comp-Ltd,I0003,AGC.1,026351106
009380,000003,19760630,20040401,S&P 500 Comp-Ltd,I0003,SPC.2,79299X952
006241,000003,19760630,20060402,S&P 500 Comp-Ltd,I0003,JP.1,475070108
007238,000003,19760630,20070701,S&P 500 Comp-Ltd,I0003,MEL.3,58551A108
009351,000003,19760630,20080922,S&P 500 Comp-Ltd,I0003,SAF,786429100
001663,000003,19760630,20081118,S&P 500 Comp-Ltd,I0003,BUD.2,035229103
003024,000003,19760630,20160118,S&P 500 Comp-Ltd,I0003,CB.1,171232101
001177,000003,19760630,20181202,S&P 500 Comp-Ltd,I0003,AET,00817Y108
005871,000003,19760930,19890731,S&P 500 Comp-Ltd,I0003,IDL.1,451542104
003813,000003,19761231,,S&P 500 Comp-Ltd,I0003,TGT,87612E106
006008,000003,19761231,,S&P 500 Comp-Ltd,I0003,INTC,458140100
011440,000003,19761231,19930630,S&P 500 Comp-Ltd,I0003,WLBAQ,960878106
007772,000003,19761231,20110925,S&P 500 Comp-Ltd,I0003,NSM.2,637640103
002845,000003,19770331,20090818,S&P 500 Comp-Ltd,I0003,CTX.2,152312104
001308,000003,19770630,19870630,S&P 500 Comp-Ltd,I0003,ALY,019645506
008585,000003,19770630,19881231,S&P 500 Comp-Ltd,I0003,5841A,721510006
003030,000003,19771231,19890228,S&P 500 Comp-Ltd,I0003,CHU.1,171583107
007276,000003,19780630,19851130,S&P 500 Comp-Ltd,I0003,MXP.,590655106
011379,000003,19780630,19890331,S&P 500 Comp-Ltd,I0003,WPM.1,955465109
004062,000003,19780630,20071213,S&P 500 Comp-Ltd,I0003,DJ,260561105
002154,000003,19780930,20141204,S&P 500 Comp-Ltd,I0003,BMS,081437105
010519,000003,19781231,,S&P 500 Comp-Ltd,I0003,TXT,883203101
007992,000003,19781231,19850630,S&P 500 Comp-Ltd,I0003,NWT,667528103
005378,000003,19781231,19931031,S&P 500 Comp-Ltd,I0003,PCI.3,699216107
006765,000003,19781231,19940228,S&P 500 Comp-Ltd,I0003,LIT.1,538021106
010443,000003,19781231,19991104,S&P 500 Comp-Ltd,I0003,TEN,880349105
010405,000003,19781231,20150701,S&P 500 Comp-Ltd,I0003,ATI,01741R102
005718,000003,19790331,19890228,S&P 500 Comp-Ltd,I0003,HCA.1,40499V931
009775,000003,19790331,19890630,S&P 500 Comp-Ltd,I0003,SKB,832377105
021375,000003,19790331,19890930,S&P 500 Comp-Ltd,I0003,AMI.1,027428101
005776,000003,19790331,19930831,S&P 500 Comp-Ltd,I0003,GHC.1,363233107
010669,000003,19790331,19990721,S&P 500 Comp-Ltd,I0003,TA.1,893485102
007750,000003,19790331,20160417,S&P 500 Comp-Ltd,I0003,THC,88033G407
011060,000003,19790630,,S&P 500 Comp-Ltd,I0003,VFC,918204108
016476,000003,19790630,19850831,S&P 500 Comp-Ltd,I0003,LEVI,52736R938
005505,000003,19790630,19950529,S&P 500 Comp-Ltd,I0003,HTMXQ,417119104
010039,000003,19790930,19850331,S&P 500 Comp-Ltd,I0003,STF.,857721104
009705,000003,19790930,19850831,S&P 500 Comp-Ltd,I0003,SGN.1,826622102
001573,000003,19790930,19990623,S&P 500 Comp-Ltd,I0003,ASC.1,030096101
011264,000003,19791231,,S&P 500 Comp-Ltd,I0003,WBA,931427108
004094,000003,19791231,20001002,S&P 500 Comp-Ltd,I0003,DNB,26483E100
001487,000003,19800331,,S&P 500 Comp-Ltd,I0003,AIG,026874784
004818,000003,19800331,,S&P 500 Comp-Ltd,I0003,FLR,343412102
006878,000003,19800630,19860331,S&P 500 Comp-Ltd,I0003,MGM.1,553013103
005492,000003,19800630,19991107,S&P 500 Comp-Ltd,I0003,HRS,413875105
011040,000003,19800630,20000402,S&P 500 Comp-Ltd,I0003,PNU.1,716941109
011278,000003,19800930,19920731,S&P 500 Comp-Ltd,I0003,WANG,933696205
004598,000003,19801231,,S&P 500 Comp-Ltd,I0003,FDX,31428X106
008253,000003,19801231,,S&P 500 Comp-Ltd,I0003,PCAR,693718108
010571,000003,19801231,19890131,S&P 500 Comp-Ltd,I0003,6068B,886735109
006856,000003,19801231,19950702,S&P 500 Comp-Ltd,I0003,MAI.1,552618100
007980,000003,19801231,20020721,S&P 500 Comp-Ltd,I0003,NRTLQ,656568508
001891,000003,19810331,,S&P 500 Comp-Ltd,I0003,ADP,053015103
009483,000003,19810331,20060226,S&P 500 Comp-Ltd,I0003,SFA.1,808655104
005256,000003,19810630,,S&P 500 Comp-Ltd,I0003,GWW,384802104
007085,000003,19810630,,S&P 500 Comp-Ltd,I0003,MAS,574599106
010503,000003,19810630,19860131,S&P 500 Comp-Ltd,I0003,TXO,882593106
003782,000003,19810630,19910331,S&P 500 Comp-Ltd,I0003,CTLE.,26779T100
003760,000003,19810630,19991012,S&P 500 Comp-Ltd,I0003,DGN.,237688106
003336,000003,19810630,20151130,S&P 500 Comp-Ltd,I0003,DXC,23355L106
001722,000003,19810729,,S&P 500 Comp-Ltd,I0003,ADM,039483102
011306,000003,19810812,19980716,S&P 500 Comp-Ltd,I0003,WMX,94106K101
009967,000003,19810930,19890930,S&P 500 Comp-Ltd,I0003,SQB,852245109
005038,000003,19810930,20010627,S&P 500 Comp-Ltd,I0003,H.2,41163G101
009411,000003,19810930,20120628,S&P 500 Comp-Ltd,I0003,HSH,432589109
006319,000003,19811231,19870228,S&P 500 Comp-Ltd,I0003,KCC.1,483044103
010001,000003,19811231,19870630,S&P 500 Comp-Ltd,I0003,SRD,853734101
007116,000003,19820331,,S&P 500 Comp-Ltd,I0003,MAT,577081102
011466,000003,19820331,19860430,S&P 500 Comp-Ltd,I0003,WSW,963626106
011396,000003,19820331,19880131,S&P 500 Comp-Ltd,I0003,WSN.,958043408
011691,000003,19820331,19951219,S&P 500 Comp-Ltd,I0003,ZRN,989824107
011366,000003,19820331,20080929,S&P 500 Comp-Ltd,I0003,WEN.2,950590109
003176,000003,19820630,19861130,S&P 500 Comp-Ltd,I0003,CR.1,194828109
008208,000003,19820630,19861130,S&P 500 Comp-Ltd,I0003,OVT.1,690326103
005563,000003,19820630,19871130,S&P 500 Comp-Ltd,I0003,GHB,422884106
002080,000003,19820630,19951031,S&P 500 Comp-Ltd,I0003,BSET,070203104
007254,000003,19820630,19980813,S&P 500 Comp-Ltd,I0003,MST.,587533100
006864,000003,19820630,19980915,S&P 500 Comp-Ltd,I0003,MCIC.,552673105
007267,000003,19820630,20090101,S&P 500 Comp-Ltd,I0003,BAC2,590188108
011259,000003,19820831,,S&P 500 Comp-Ltd,I0003,WMT,931142103
003165,000003,19820831,19880630,S&P 500 Comp-Ltd,I0003,RNGR.1,752907105
003610,000003,19820831,19910930,S&P 500 Comp-Ltd,I0003,CTCO.1,227430105
009778,000003,19820930,,S&P 500 Comp-Ltd,I0003,SNA,833034101
010016,000003,19820930,,S&P 500 Comp-Ltd,I0003,SWK,854502101
006635,000003,19820930,19870630,S&P 500 Comp-Ltd,I0003,LSWY,522075100
009217,000003,19820930,20090401,S&P 500 Comp-Ltd,I0003,ROH,775371107
002435,000003,19821031,,S&P 500 Comp-Ltd,I0003,BF.B,115637209
003167,000003,19821031,19890331,S&P 500 Comp-Ltd,I0003,6057B,193558103
005063,000003,19821031,19900731,S&P 500 Comp-Ltd,I0003,GIC.3,370120107
010093,000003,19821031,19981117,S&P 500 Comp-Ltd,I0003,STO.3,861589109
001690,000003,19821130,,S&P 500 Comp-Ltd,I0003,AAPL,037833100
011049,000003,19821130,19970617,S&P 500 Comp-Ltd,I0003,USH.1,917318107
008068,000003,19821231,,S&P 500 Comp-Ltd,I0003,OXY,674599105
009299,000003,19821231,20170618,S&P 500 Comp-Ltd,I0003,R,783549108
009556,000003,19830228,19950712,S&P 500 Comp-Ltd,I0003,SPW.2,784993941
008468,000003,19830331,19981230,S&P 500 Comp-Ltd,I0003,PZE.1,70931Q109
004371,000003,19830731,20060605,S&P 500 Comp-Ltd,I0003,EC.2,292845104
003362,000003,19830831,,S&P 500 Comp-Ltd,I0003,CAG,205887102
004652,000003,19830831,19880331,S&P 500 Comp-Ltd,I0003,5930B,317421105
006733,000003,19830930,,S&P 500 Comp-Ltd,I0003,LB,501797104
010639,000003,19830930,20050721,S&P 500 Comp-Ltd,I0003,1231B,892335100
005744,000003,19831031,19850630,S&P 500 Comp-Ltd,I0003,ENRNQ1,44299Y004
002136,000003,19831130,,S&P 500 Comp-Ltd,I0003,VZ,92343V104
009899,000003,19831130,,S&P 500 Comp-Ltd,I0003,T,00206R102
008286,000003,19831130,19970402,S&P 500 Comp-Ltd,I0003,PAC.2,694890104
008044,000003,19831130,19970817,S&P 500 Comp-Ltd,I0003,NYN,670768100
001485,000003,19831130,19991011,S&P 500 Comp-Ltd,I0003,AIT.1,030954101
002146,000003,19831130,20070103,S&P 500 Comp-Ltd,I0003,BLS,079860102
061489,000003,19831130,20110331,S&P 500 Comp-Ltd,I0003,Q.2,749121109
002559,000003,19831231,19890630,S&P 500 Comp-Ltd,I0003,9257B,126137108
006829,000003,19840229,,S&P 500 Comp-Ltd,I0003,LOW,548661107
006868,000003,19840229,19860531,S&P 500 Comp-Ltd,I0003,MEI.2,55299Y109
009872,000003,19840229,19871130,S&P 500 Comp-Ltd,I0003,SE.3,817826209
003352,000003,19840229,19880131,S&P 500 Comp-Ltd,I0003,CVN.4,205578107
010329,000003,19840229,19970831,S&P 500 Comp-Ltd,I0003,TDM.,875370108
008823,000003,19840430,,S&P 500 Comp-Ltd,I0003,PHM,745867101
009297,000003,19840430,19861130,S&P 500 Comp-Ltd,I0003,RYN.1,783498108
001380,000003,19840531,,S&P 500 Comp-Ltd,I0003,HES,42809H107
003645,000003,19840531,19890831,S&P 500 Comp-Ltd,I0003,CUL.2,230032104
013499,000003,19840630,19851130,S&P 500 Comp-Ltd,I0003,4660C,862133931
001161,000003,19840630,20130922,S&P 500 Comp-Ltd,I0003,AMD,007903107
006774,000003,19840731,,S&P 500 Comp-Ltd,I0003,LMT,539830109
006531,000003,19840731,19860630,S&P 500 Comp-Ltd,I0003,LTVCQ,501921100
004040,000003,19840731,20121211,S&P 500 Comp-Ltd,I0003,RRD,257867200
008022,000003,19840831,19891031,S&P 500 Comp-Ltd,I0003,NOXLB,670148204
003705,000003,19840831,19980827,S&P 500 Comp-Ltd,I0003,DIGI.1,233311109
005518,000003,19840930,,S&P 500 Comp-Ltd,I0003,HAS,418056107
001988,000003,19841031,,S&P 500 Comp-Ltd,I0003,BLL,058498106
010488,000003,19841031,19870331,S&P 500 Comp-Ltd,I0003,TCB.3,882315104
003930,000003,19841031,19950330,S&P 500 Comp-Ltd,I0003,MXS,577730104
002051,000003,19841031,19980111,S&P 500 Comp-Ltd,I0003,BBI.2,068055102
009635,000003,19841031,20000607,S&P 500 Comp-Ltd,I0003,SMS.2,819486101
006403,000003,19841031,20060810,S&P 500 Comp-Ltd,I0003,KMG.1,492386107
006768,000003,19841031,20081201,S&P 500 Comp-Ltd,I0003,KATE,485865109
006036,000003,19841130,19970727,S&P 500 Comp-Ltd,I0003,INGR.,458683109
009293,000003,19841130,20001211,S&P 500 Comp-Ltd,I0003,RML.1,782352108
001240,000003,19841130,20060601,S&P 500 Comp-Ltd,I0003,ABS.1,013104104
001651,000003,19841130,20061001,S&P 500 Comp-Ltd,I0003,ANDW,034425108
007866,000003,19841130,20101219,S&P 500 Comp-Ltd,I0003,NYT,650111107
025658,000003,19841231,19890731,S&P 500 Comp-Ltd,I0003,CVN.2,20557T101
009673,000003,19850131,19970101,S&P 500 Comp-Ltd,I0003,3SHOY,825039100
010190,000003,19850131,20120430,S&P 500 Comp-Ltd,I0003,SVU,868536301
009258,000003,19850131,20140818,S&P 500 Comp-Ltd,I0003,RDC,G7665A101
005314,000003,19850228,19900228,S&P 500 Comp-Ltd,I0003,GNN,391090107
001209,000003,19850430,,S&P 500 Comp-Ltd,I0003,APD,009158106
008030,000003,19850430,,S&P 500 Comp-Ltd,I0003,NUE,670346105
004145,000003,19850531,,S&P 500 Comp-Ltd,I0003,PKI,714046109
003586,000003,19850531,19960327,S&P 500 Comp-Ltd,I0003,CYR.1,225224104
006831,000003,19850531,19970101,S&P 500 Comp-Ltd,I0003,LUB,549282101
003130,000003,19850531,20010129,S&P 500 Comp-Ltd,I0003,EP2,190441105
007985,000003,19850630,,S&P 500 Comp-Ltd,I0003,NOC,666807102
005742,000003,19850731,,S&P 500 Comp-Ltd,I0003,CNP,15189T107
006734,000003,19850731,19900228,S&P 500 Comp-Ltd,I0003,LINB,532763109
010393,000003,19850731,19990309,S&P 500 Comp-Ltd,I0003,TCOMA,87924V101
011672,000003,19850930,,S&P 500 Comp-Ltd,I0003,TJX,872540109
004850,000003,19850930,19880731,S&P 500 Comp-Ltd,I0003,FORT.1,347461931
008746,000003,19850930,19930930,S&P 500 Comp-Ltd,I0003,PCLB.1,741440101
010243,000003,19850930,19940531,S&P 500 Comp-Ltd,I0003,SYN.1,871616108
006807,000003,19850930,19960422,S&P 500 Comp-Ltd,I0003,LOR.2,543859102
004058,000003,19851031,,S&P 500 Comp-Ltd,I0003,DOV,260003108
003200,000003,19851031,19880531,S&P 500 Comp-Ltd,I0003,COT.2,196879100
001990,000003,19851031,19961218,S&P 500 Comp-Ltd,I0003,BLY,05873C106
008358,000003,19851130,,S&P 500 Comp-Ltd,I0003,PH,701094104
009224,000003,19851130,19950402,S&P 500 Comp-Ltd,I0003,SKLNQ,78648R203
004159,000003,19851130,19950430,S&P 500 Comp-Ltd,I0003,ESY.1,269157301
006802,000003,19851130,20010701,S&P 500 Comp-Ltd,I0003,LDG,543162101
009395,000003,19851231,19860731,S&P 500 Comp-Ltd,I0003,SAA.1.,799850102
010640,000003,19851231,19871130,S&P 500 Comp-Ltd,I0003,TTRR,892349200
010885,000003,19860131,19890430,S&P 500 Comp-Ltd,I0003,UCT,909695108
008193,000003,19860131,19950529,S&P 500 Comp-Ltd,I0003,GOSHA,688222207
010726,000003,19860131,20071220,S&P 500 Comp-Ltd,I0003,TRCO,896047107
005878,000003,19860228,,S&P 500 Comp-Ltd,I0003,ITW,452308109
010412,000003,19860430,19881231,S&P 500 Comp-Ltd,I0003,6049B,544157100
003863,000003,19860430,20041219,S&P 500 Comp-Ltd,I0003,DLX,248019101
006268,000003,19860531,,S&P 500 Comp-Ltd,I0003,JCI,G51502105
010558,000003,19860531,19860731,S&P 500 Comp-Ltd,I0003,TFD.,885868109
009280,000003,19860531,19990324,S&P 500 Comp-Ltd,I0003,RBD,781088109
006226,000003,19860531,20001123,S&P 500 Comp-Ltd,I0003,FJ,347471104
002085,000003,19860531,20071028,S&P 500 Comp-Ltd,I0003,6583B,071707103
002193,000003,19860630,19971203,S&P 500 Comp-Ltd,I0003,BEV,087851309
006998,000003,19860630,19980927,S&P 500 Comp-Ltd,I0003,MNR.1,564054104
005020,000003,19860731,19900531,S&P 500 Comp-Ltd,I0003,DNA,368710109
008750,000003,19860731,19900831,S&P 500 Comp-Ltd,I0003,PDQ.2,741917108
004990,000003,19860831,,S&P 500 Comp-Ltd,I0003,GPS,364760108
007922,000003,19860831,,S&P 500 Comp-Ltd,I0003,JWN,655664100
006815,000003,19860930,19950704,S&P 500 Comp-Ltd,I0003,LOTS.,545700106
007228,000003,19861031,,S&P 500 Comp-Ltd,I0003,MDT,G5960L103
010199,000003,19861031,19870930,S&P 500 Comp-Ltd,I0003,5654C,868446949
001392,000003,19861031,19970914,S&P 500 Comp-Ltd,I0003,AMH.1,023905102
003964,000003,19861031,20081021,S&P 500 Comp-Ltd,I0003,DDS,254067101
002269,000003,19861130,,S&P 500 Comp-Ltd,I0003,HRB,093671105
010247,000003,19861231,,S&P 500 Comp-Ltd,I0003,SYY,871829107
009611,000003,19861231,20000315,S&P 500 Comp-Ltd,I0003,SCI,817565104
007773,000003,19861231,20011202,S&P 500 Comp-Ltd,I0003,NSI.1,637657206
010946,000003,19861231,20020514,S&P 500 Comp-Ltd,I0003,3UAIRQ,911905107
010426,000003,19861231,20071230,S&P 500 Comp-Ltd,I0003,TIN,879868107
009004,000003,19870131,20060131,S&P 500 Comp-Ltd,I0003,RBK,758110100
004462,000003,19870228,19940228,S&P 500 Comp-Ltd,I0003,NEU,651587107
002938,000003,19870228,19980407,S&P 500 Comp-Ltd,I0003,CHRS.1,161133103
002418,000003,19870331,19880229,S&P 500 Comp-Ltd,I0003,BRK.1,111853107
007574,000003,19870331,19890630,S&P 500 Comp-Ltd,I0003,CDD.2,218412104
009067,000003,19870430,19880331,S&P 500 Comp-Ltd,I0003,6131B,336160106
007650,000003,19870430,19981001,S&P 500 Comp-Ltd,I0003,FCN.1,31945A100
011359,000003,19870430,19981102,S&P 500 Comp-Ltd,I0003,WFC.Z,949740104
010974,000003,19870430,20090105,S&P 500 Comp-Ltd,I0003,UST.1,902911106
006251,000003,19870531,19890831,S&P 500 Comp-Ltd,I0003,JERR,476502109
003276,000003,19870630,19961015,S&P 500 Comp-Ltd,I0003,THY,893719104
006495,000003,19870731,19880531,S&P 500 Comp-Ltd,I0003,KOP.1,500602107
003426,000003,19870731,19970526,S&P 500 Comp-Ltd,I0003,CRR.3,208368100
003310,000003,19870731,20181105,S&P 500 Comp-Ltd,I0003,CA,12673P105
007065,000003,19870831,,S&P 500 Comp-Ltd,I0003,MMC,571748102
005151,000003,19870831,19980715,S&P 500 Comp-Ltd,I0003,GFS.A,374478105
007554,000003,19870831,19990527,S&P 500 Comp-Ltd,I0003,MWI,615857109
008626,000003,19870831,20020721,S&P 500 Comp-Ltd,I0003,PDG,725906101
005842,000003,19870930,19880430,S&P 500 Comp-Ltd,I0003,IMSI.,449700103
003226,000003,19871031,19931130,S&P 500 Comp-Ltd,I0003,CMCSA,20030N101
009357,000003,19871031,19980331,S&P 500 Comp-Ltd,I0003,SK.1,786484105
001913,000003,19871231,,S&P 500 Comp-Ltd,I0003,AVY,053611109
008545,000003,19871231,19900822,S&P 500 Comp-Ltd,I0003,PHL.1,718320104
008093,000003,19871231,19960815,S&P 500 Comp-Ltd,I0003,CVGYQ,22281N103
004769,000003,19871231,19971223,S&P 500 Comp-Ltd,I0003,FLMIQ,339130106
008304,000003,19871231,20150830,S&P 500 Comp-Ltd,I0003,PLL.1,696429307
007171,000003,19880229,19940926,S&P 500 Comp-Ltd,I0003,MCK,58155Q103
005581,000003,19880229,19991230,S&P 500 Comp-Ltd,I0003,HP,423452101
001246,000003,19880229,20000628,S&P 500 Comp-Ltd,I0003,IKN,451713101
003282,000003,19880229,20020505,S&P 500 Comp-Ltd,I0003,CPQ.2,204493100
005680,000003,19880331,,S&P 500 Comp-Ltd,I0003,HD,437076102
008245,000003,19880430,,S&P 500 Comp-Ltd,I0003,PNC,693475105
009577,000003,19880430,19920331,S&P 500 Comp-Ltd,I0003,7448B,814823100
005080,000003,19880430,19981221,S&P 500 Comp-Ltd,I0003,GRN.1,370563108
001998,000003,19880430,20040630,S&P 500 Comp-Ltd,I0003,ONE.1,06423A103
003243,000003,19880531,,S&P 500 Comp-Ltd,I0003,C,172967424
010187,000003,19880531,,S&P 500 Comp-Ltd,I0003,STI,867914103
007040,000003,19880531,19890731,S&P 500 Comp-Ltd,I0003,MKC.1,569790108
008004,000003,19880531,19900430,S&P 500 Comp-Ltd,I0003,NRT.3,668605108
008805,000003,19880630,19941024,S&P 500 Comp-Ltd,I0003,CIN2,693632002
004700,000003,19880630,19960101,S&P 500 Comp-Ltd,I0003,FFB,320195100
008960,000003,19880630,19990812,S&P 500 Comp-Ltd,I0003,RYC.,754603108
005216,000003,19880630,20061001,S&P 500 Comp-Ltd,I0003,GDW,381317106
011600,000003,19880731,20041219,S&P 500 Comp-Ltd,I0003,WOR,981811102
007409,000003,19880731,20100714,S&P 500 Comp-Ltd,I0003,MIL.2,601073109
004601,000003,19880831,20080910,S&P 500 Comp-Ltd,I0003,FNMA,313586109
001253,000003,19881031,19970114,S&P 500 Comp-Ltd,I0003,AAL.1,014476105
014878,000003,19881031,19990228,S&P 500 Comp-Ltd,I0003,ORX,68763F100
007906,000003,19881130,,S&P 500 Comp-Ltd,I0003,NKE,654106103
004764,000003,19881130,20040331,S&P 500 Comp-Ltd,I0003,FBF,339030108
003542,000003,19881231,19900930,S&P 500 Comp-Ltd,I0003,CBL.1,220291108
009911,000003,19881231,19920101,S&P 500 Comp-Ltd,I0003,CVN.3,12467H103
004213,000003,19890131,,S&P 500 Comp-Ltd,I0003,ECL,278865100
001746,000003,19890131,19970806,S&P 500 Comp-Ltd,I0003,CNP2,655419000
006450,000003,19890228,19991115,S&P 500 Comp-Ltd,I0003,KWP,495667107
004739,000003,19890228,20090101,S&P 500 Comp-Ltd,I0003,WB.3,929903102
007727,000003,19890331,19950223,S&P 500 Comp-Ltd,I0003,NEC,635771108
008290,000003,19890331,19991129,S&P 500 Comp-Ltd,I0003,MEC2,59598X002
012689,000003,19890331,20091220,S&P 500 Comp-Ltd,I0003,KBH,48666K109
007875,000003,19890430,,S&P 500 Comp-Ltd,I0003,NWL,651229106
010614,000003,19890430,,S&P 500 Comp-Ltd,I0003,TMK,891027104
011453,000003,19890430,19920930,S&P 500 Comp-Ltd,I0003,WETT,961896107
013028,000003,19890430,19960530,S&P 500 Comp-Ltd,I0003,PMI.2,740459102
005501,000003,19890531,19951130,S&P 500 Comp-Ltd,I0003,SNC.1,820484103
003054,000003,19890531,20080330,S&P 500 Comp-Ltd,I0003,CCTYQ,172737108
015426,000003,19890731,19990621,S&P 500 Comp-Ltd,I0003,MII.3,619335102
006288,000003,19890731,20000509,S&P 500 Comp-Ltd,I0003,JOSEA,481088300
010787,000003,19890731,20090316,S&P 500 Comp-Ltd,I0003,TYC,G91442106
010984,000003,19890731,20130708,S&P 500 Comp-Ltd,I0003,S,852061100
012142,000003,19890831,,S&P 500 Comp-Ltd,I0003,ORCL,68389X105
005342,000003,19890831,19960815,S&P 500 Comp-Ltd,I0003,MGI,60935Y208
011993,000003,19890831,19991017,S&P 500 Comp-Ltd,I0003,CYM.1,232809103
001794,000003,19890831,20081113,S&P 500 Comp-Ltd,I0003,ASH,044186104
007904,000003,19890831,20111212,S&P 500 Comp-Ltd,I0003,GAS.2,654086107
002783,000003,19890831,20120701,S&P 500 Comp-Ltd,I0003,DUK8,743263105
009298,000003,19890930,19970101,S&P 500 Comp-Ltd,I0003,RYAN,783520109
013003,000003,19890930,19990608,S&P 500 Comp-Ltd,I0003,JOY,413345109
005476,000003,19891031,19980331,S&P 500 Comp-Ltd,I0003,JH,412693103
001468,000003,19891031,20040502,S&P 500 Comp-Ltd,I0003,AM.1,026375105
009372,000003,19891130,20170104,S&P 500 Comp-Ltd,I0003,STJ,790849103
001878,000003,19891201,,S&P 500 Comp-Ltd,I0003,ADSK,052769106
010109,000003,19891201,19971006,S&P 500 Comp-Ltd,I0003,SRR,863314100
020423,000003,19900201,20080128,S&P 500 Comp-Ltd,I0003,CZR,413619107
004205,000003,19900301,19980119,S&P 500 Comp-Ltd,I0003,ECO.2,278751102
007679,000003,19900301,19990801,S&P 500 Comp-Ltd,I0003,NLC.2,629853102
003502,000003,19900501,20060717,S&P 500 Comp-Ltd,I0003,CTB,216831107
007567,000003,19900601,19951219,S&P 500 Comp-Ltd,I0003,3MRNKQ,618447106
008475,000003,19900801,20000402,S&P 500 Comp-Ltd,I0003,PBY,713278109
002230,000003,19900801,20070711,S&P 500 Comp-Ltd,I0003,5938B,090613100
006223,000003,19900901,19930930,S&P 500 Comp-Ltd,I0003,EME,29084Q100
010931,000003,19901001,19970803,S&P 500 Comp-Ltd,I0003,USBC.,911596104
009406,000003,19901201,19970727,S&P 500 Comp-Ltd,I0003,SFS.1,80218K105
003527,000003,19901201,19980428,S&P 500 Comp-Ltd,I0003,CFL.1,218695104
001359,000003,19901211,20010624,S&P 500 Comp-Ltd,I0003,AZA.1,022615108
003491,000003,19910101,19940831,S&P 500 Comp-Ltd,I0003,BV.2,093676104
002281,000003,19910201,19970107,S&P 500 Comp-Ltd,I0003,BOAT.,096650106
010672,000003,19910401,19950117,S&P 500 Comp-Ltd,I0003,E.2,893532101
023798,000003,19910401,19950208,S&P 500 Comp-Ltd,I0003,PT.1,715825105
007017,000003,19910501,,S&P 500 Comp-Ltd,I0003,MRO,565849106
002443,000003,19910501,19950817,S&P 500 Comp-Ltd,I0003,BRNO20,116881202
023978,000003,19910501,20140701,S&P 500 Comp-Ltd,I0003,X,912909108
010860,000003,19910919,,S&P 500 Comp-Ltd,I0003,AEE,023608102
011910,000003,19911001,20110427,S&P 500 Comp-Ltd,I0003,NOVL,670006105
005306,000003,19911101,20050704,S&P 500 Comp-Ltd,I0003,GLK.1,390568103
